_id,Biomarker Information.Protein Name(s),Biomarker Information.UniProt ID,Biomarker Information.Protein Sequence,Biomarker Information.Isoforms,Study and Source Information.Disease Name(s)[0],Study and Source Information.Disease Name(s)[1],Study and Source Information.Disease Name(s)[2],Study and Source Information.Disease Name(s)[3],Study and Source Information.Disease Name(s)[4],Study and Source Information.Disease Name(s)[5],Study and Source Information.Disease Name(s)[6],Study and Source Information.Disease Name(s)[7],Study and Source Information.Source Material,Study and Source Information.Organism,Study and Source Information.Technique Used,Study and Source Information.PubMed ID (PMID),Additional Information.Alternative Protein Names[0],Additional Information.Alternative Protein Names[1],Additional Information.Alternative Protein Names[2],Additional Information.Alternative Protein Names[3],Additional Information.Alternative Protein Names[4],Additional Information.Alternative Protein Names[5],Additional Information.Alternative Protein Names[6],Additional Information.Verification,Validation and Special Cases.Isoform Implication,Validation and Special Cases.Accurate Categorization,Study and Source Information.Disease Name(s),Study and Source Information.PubMed ID,Additional Information.Alternative Protein Names,Biomarker Information.Protein Name(s)[0],Biomarker Information.Protein Name(s)[1],Biomarker Information.Protein Name(s)[2],Biomarker Information.Protein Name(s)[3],Biomarker Information.Protein Name(s)[4],Biomarker Information.Protein Name(s)[5],Biomarker Information.Protein Name(s)[6],Biomarker Information.Protein Name(s)[7],Biomarker Information.Protein Name(s)[8],Biomarker Information.Protein Name(s)[9],Biomarker Information.Protein Name(s)[10],Biomarker Information.Protein Name(s)[11],Biomarker Information.Protein Name(s)[12],Biomarker Information.Protein Name(s)[13],Biomarker Information.Protein Name(s)[14],Biomarker Information.Protein Name(s)[15],Biomarker Information.Protein Name(s)[16],Biomarker Information.UniProt ID[0],Biomarker Information.UniProt ID[1],Biomarker Information.UniProt ID[2],Biomarker Information.UniProt ID[3],Biomarker Information.UniProt ID[4],Biomarker Information.UniProt ID[5],Biomarker Information.UniProt ID[6],Biomarker Information.Protein Sequence[0],Biomarker Information.Protein Sequence[1],Biomarker Information.Protein Sequence[2],Biomarker Information.Protein Sequence[3],Biomarker Information.Protein Sequence[4],Biomarker Information.Protein Sequence[5],Biomarker Information.Protein Sequence[6],Protein Name(s),UniProt ID,Protein Sequence,Isoforms,Disease Name(s),Source Material,Organism,Technique Used,PubMed ID (PMID),Alternative Protein Names,Verification,Isoform Implication,Study and Source Information.Source Material[0],Study and Source Information.Source Material[1],Study and Source Information.Source Material[2],Study and Source Information.Source Material[3],Study and Source Information.Technique Used[0],Study and Source Information.Technique Used[1],Study and Source Information.Technique Used[2],Study and Source Information.Technique Used[3],Study and Source Information.Technique Used[4],Study and Source Information.Technique Used[5],Study and Source Information.Technique Used[6],Study and Source Information.Technique Used[7],Study and Source Information.Technique Used[8],Additional Information.Alternative Protein Names[0][0],Additional Information.Alternative Protein Names[0][1],Additional Information.Alternative Protein Names[0][2],Additional Information.Alternative Protein Names[0][3],Additional Information.Alternative Protein Names[0][4],Additional Information.Alternative Protein Names[1][0],Additional Information.Alternative Protein Names[1][1],Additional Information.Alternative Protein Names[2][0],Additional Information.Alternative Protein Names[2][1],Additional Information.Alternative Protein Names[3][0],Additional Information.Alternative Protein Names[3][1],Additional Information.Alternative Protein Names[3][2],Additional Information.Alternative Protein Names[4][0],Additional Information.Alternative Protein Names[4][1],Additional Information.Alternative Protein Names[4][2],Additional Information.Alternative Protein Names[1][2],Additional Information.Alternative Protein Names[1][3],Additional Information.Alternative Protein Names[2][2],Additional Information.Alternative Protein Names[2][3],Additional Information.Alternative Protein Names[3][3],Additional Information.Alternative Protein Names[3][4],Additional Information.Alternative Protein Names[3][5],Additional Information.Alternative Protein Names[3][6],Additional Information.Alternative Protein Names[3][7],Protein Name(s)[0],Protein Name(s)[1],Protein Name(s)[2],Protein Name(s)[3],Protein Name(s)[4],Protein Name(s)[5],UniProt ID[0],UniProt ID[1],UniProt ID[2],UniProt ID[3],UniProt ID[4],UniProt ID[5],Protein Sequence[0],Protein Sequence[1],Protein Sequence[2],Protein Sequence[3],Protein Sequence[4],Protein Sequence[5],Isoforms[0],Isoforms[1],Isoforms[2],Isoforms[3],Alternative Protein Names[0],Alternative Protein Names[1],Alternative Protein Names[2],Alternative Protein Names[3],Alternative Protein Names[4],Alternative Protein Names[5],Verification.Biomarker Type,Verification.Verified,biomarker_information.protein_names,biomarker_information.uniprot_ids,biomarker_information.protein_sequences,biomarker_information.isoforms,study_and_source_information.disease_names,study_and_source_information.source_material,study_and_source_information.organism,study_and_source_information.technique_used,study_and_source_information.pubmed_id,additional_information.alternative_protein_names,validation.is_protein,validation.isoform_implication,Biomarker Information.Alternative Protein Names[0],Biomarker Information.Alternative Protein Names[1],Additional Information.Validation and Special Cases.Isoform Implication,Additional Information.Validation and Special Cases.Accurate Categorization,Biomarker Information.Isoforms[0],Biomarker Information.Isoforms[1],Biomarker Information.Isoforms[2],Biomarker Information.Isoforms[3],Biomarker Information.Isoforms[4],Biomarker Information.Isoforms[5],Validation and Special Cases.Isoform Implication[0],Validation and Special Cases.Isoform Implication[1],Validation and Special Cases.Isoform Implication[2],Validation and Special Cases.Isoform Implication[3],Validation and Special Cases.Isoform Implication[4],Validation and Special Cases.Isoform Implication[5],Verification.biomarkers refer to proteins,Verification.Identified Biomarkers are Proteins,Verification.Protein check,Biomarker Information.Isoforms[0].Isoform Name,Biomarker Information.Isoforms[1].Isoform Name,Biomarker Information.Isoforms[2].Isoform Name,Biomarker Information.Isoforms[3].Isoform Name,Biomarker Information.Isoforms[4].Isoform Name,Biomarker Information.Isoforms[5].Isoform Name,Biomarker Information.Isoforms[6].Isoform Name,Biomarker Information.Isoforms[7].Isoform Name,Biomarker Information.Isoforms[8].Isoform Name,Biomarker Information.Isoforms[9].Isoform Name,Biomarker Information.Isoforms[0].Sequence,Biomarker Information.Isoforms[0].Disease Association,Biomarker Information.Isoforms[0].Isoform Sequence,Biomarker Information.Isoforms[1].Isoform Sequence,Biomarker Information.Isoforms[2].Isoform Sequence,Biomarker Information.Isoforms[3].Isoform Sequence,Biomarker Information.Isoforms[4].Isoform Sequence,Biomarker Information.Isoforms[5].Isoform Sequence,Biomarker Information.Isoforms[6].Isoform Sequence,Biomarker Information.Isoforms[7].Isoform Sequence,Biomarker Information.Isoforms[8].Isoform Sequence,Biomarker Information.Isoforms[9].Isoform Sequence,Verification.Verified Protein,Validation and Special Cases.Isoform Implication[0].Isoform Name,Validation and Special Cases.Isoform Implication[0].Isoform Sequence,Validation and Special Cases.Isoform Implication[0].Disease Association,biomarker_information.protein_names[0],biomarker_information.protein_names[1],biomarker_information.protein_names[2],biomarker_information.protein_names[3],biomarker_information.uniprot_ids[0],biomarker_information.uniprot_ids[1],biomarker_information.uniprot_ids[2],biomarker_information.uniprot_ids[3],biomarker_information.protein_sequences[0],biomarker_information.protein_sequences[1],biomarker_information.protein_sequences[2],biomarker_information.protein_sequences[3],biomarker_information.alternative_protein_names[0],biomarker_information.alternative_protein_names[1],biomarker_information.alternative_protein_names[2],biomarker_information.alternative_protein_names[3],biomarker_information.alternative_protein_names[4],additional_information.verification,additional_information.validation_special_cases.isoform_implication,additional_information.validation_special_cases.accurate_categorization,Verification.Isoform Implication,Verification.Accurate Categorization,Accurate Categorization,PubMed ID,Verification.Verified Biomarker,Biomarker Information.Isoforms[0].isoform_name,Biomarker Information.Isoforms[0].sequence,Verification.Identified Biomarkers Are Proteins,Disease Name(s)[0],Disease Name(s)[1],Disease Name(s)[2],Source Material[0],Technique Used[0]
67936b5ed197c75061fead84,Galectin-3,P17931,MAPWVPAPWPGVAVALALSLILCVSWLSATYSSPEGKVSFLSAPYAYCTFYPDNNYPHRYDTPFGSAPLLEVKIRKGTTVGTLRGLTDQSFVKLQNDRFLDGRNRGISFDFVGFSVYSKSEDQHALFSPGDVTSAANLTAHVDAYEANLALVLVGKHMPFKLADFQLVVSLDKVGNVHQV,,sleep disorders,insomnia,insufficient sleep time,obstructive sleep apnea,cardiovascular disease,,,,bloodstream,Homo sapiens,,39288581,Gal-3,Galectin-3,Mac-2,hMac-2,L-31,Lect 3,LGALS3,Confirmed to be a protein,,protein,,,,,,,,,,,,,,,,,,,,,,,,,,,,,,,,,,,,,,,,,,,,,,,,,,,,,,,,,,,,,,,,,,,,,,,,,,,,,,,,,,,,,,,,,,,,,,,,,,,,,,,,,,,,,,,,,,,,,,,,,,,,,,,,,,,,,,,,,,,,,,,,,,,,,,,,,,,,,,,,,,,,,,,,,,,,,,,,,,,,,,,,,,,,,,,,,,,,,,,,,,,
67936b60d197c75061fead85,,,,,,,,,,,,,body fluids,Homo sapiens,proteomics,,,,,,,,,,,,cancer,24361552,,,,,,,,,,,,,,,,,,,,,,,,,,,,,,,,,,,,,,,,,,,,,,,,,,,,,,,,,,,,,,,,,,,,,,,,,,,,,,,,,,,,,,,,,,,,,,,,,,,,,,,,,,,,,,,,,,,,,,,,,,,,,,,,,,,,,,,,,,,,,,,,,,,,,,,,,,,,,,,,,,,,,,,,,,,,,,,,,,,,,,,,,,,,,,,,,,,,,,,,,
67936b6ad197c75061fead86,,,,,,,,,,,,,plasma,Homo sapiens,mass spectrometry,21062094,,,,,,,,,,proteins,disease states,,,,,,,,,,,,,,,,,,,,,,,,,,,,,,,,,,,,,,,,,,,,,,,,,,,,,,,,,,,,,,,,,,,,,,,,,,,,,,,,,,,,,,,,,,,,,,,,,,,,,,,,,,,,,,,,,,,,,,,,,,,,,,,,,,,,,,,,,,,,,,,,,,,,,,,,,,,,,,,,,,,,,,,,,,,,,,,,,,,,,,,,,,,,,,,,,,,,,,,,,,
67936b6ed197c75061fead87,,,,,Meat color,pH decline,,,,,,,Longissimus thoracis muscles,Homo sapiens,,26160326,,,,,,,,Proteins,,Proteins,,,,Prdx6,Hsp70-1A/B,μ-calpain,MDH1,ENO3,LDH-B,,,,,,,,,,,,,,,,,,,,,,,,,,,,,,,,,,,,,,,,,,,,,,,,,,,,,,,,,,,,,,,,,,,,,,,,,,,,,,,,,,,,,,,,,,,,,,,,,,,,,,,,,,,,,,,,,,,,,,,,,,,,,,,,,,,,,,,,,,,,,,,,,,,,,,,,,,,,,,,,,,,,,,,,,,,,,,,,,,,,,,,,,,,,,,,,,,
67936b72d197c75061fead88,Protein S,P07225,MPLLLLLGAALGSFLLPEVPLKLTLSQQVSSNCSQLQEPLVLPSNDDLDFNEALNCPAGRADCSPAYHYCPYKFGCQQCLWGGQGLTCEKCFYRAPHRPKAGKLCPYCRGFGPDAAYCHTEAEGTDCQKYLSLCARPCGPGLTPETLTESCSSSHKSSLLQQRGSGLTVSTQTETLEEGLAALQTGTSYVKIDGLVQLHHLRRCIFQPKWKLQIFQTAVELTKDGDLSNDYSDLMNKEDACFYLDESDCHNNKACDSEDECFCTDFLGYCFHSGQCLAWTEVAPCGHKDAPWDFVVDDTDCDAAVHEVPHFSSGIVSTVPPSFCLPFCNGDDDCKAHLYGGSWVPCLTPEDGLAVNVPLLSRYDLPGPGDDGLSLHDLDLLQQTIALQQQSSSTHTTTTETTPLLPLPEPEEEEPGGRPLVLSQKHQLKPG,,,,,,,,,,serum,Homo sapiens,,21067626,PROS1,PS,THPH6,,,,,Protein,,Protein,systemic lupus erythematosus,,,,,,,,,,,,,,,,,,,,,,,,,,,,,,,,,,,,,,,,,,,,,,,,,,,,,,,,,,,,,,,,,,,,,,,,,,,,,,,,,,,,,,,,,,,,,,,,,,,,,,,,,,,,,,,,,,,,,,,,,,,,,,,,,,,,,,,,,,,,,,,,,,,,,,,,,,,,,,,,,,,,,,,,,,,,,,,,,,,,,,,,,,,,,,,,,,,,,,,,,,
67936b75d197c75061fead89,,,,,,,,,,,,,,,,,,,,,,,,,,,,,,,,,,,,,,,,,,,,,,,,,,,,,,,,,,,,,vitamin K-dependent protein S,P07225,,,Alzheimer's disease,"serum, hippocampus",Homo sapiens,"LC-MS, Western blot, immunohistochemistry, Immunocytochemistry",31727875,"PROS1, Protein S",Protein,,,,,,,,,,,,,,,,,,,,,,,,,,,,,,,,,,,,,,,,,,,,,,,,,,,,,,,,,,,,,,,,,,,,,,,,,,,,,,,,,,,,,,,,,,,,,,,,,,,,,,,,,,,,,,,,,,,,,,,,,,,,,,,,,,,,,,,,,,,,,,,,,,,,,,,,,,,,,,
67936b78d197c75061fead8a,,,,,Ovarian Cancer,,,,,,,,,Homo sapiens,,,HSA,Albumin,,,,,,Confirmed,,Confirmed,,14757941,,Serum Albumin,,,,,,,,,,,,,,,,,P02768,,,,,,,,,,,,,,,,,,,,,,,,,,serum,plasma,,,Mass Spectrometry,SELDI-TOF,,,,,,,,,,,,,,,,,,,,,,,,,,,,,,,,,,,,,,,,,,,,,,,,,,,,,,,,,,,,,,,,,,,,,,,,,,,,,,,,,,,,,,,,,,,,,,,,,,,,,,,,,,,,,,,,,,,,,,,,,,,,,,,,,,,,,,,,,,,,,,,,,,,,,,,
67936b7ed197c75061fead8b,,,,,acute kidney injury,chronic kidney disease,,,,,,,,Homo sapiens,,,,,,,,,,Confirmed to be proteins,,Confirmed protein categorization,,18277143,,Neutrophil gelatinase-associated lipocalin,Cystatin C,Interleukin-18,Kidney injury molecule-1,Liver-type fatty acid-binding protein,,,,,,,,,,,,,P80188,P01034,P14985,Q9H2Z5,P07148,,,MKWLVLGLALLTFTVTQGASLPEEKEFADIVNDTCIKDASTTFLQKNGLFAELYLNHAHGDYTPDDSLLPGVHVVRFK,MDSFQPIRLSCSERQKIYGFQTSGKMALAFTGPDVRDAEKYLVSAHQVRYKLSFGSMAWVDQGDDLDHRELCYF,MYPLIHKGKKQQVILFGSVHDPLTDDIVPKFLFVDERNSALDDKCQSLFLSHRSHHPSDSYRIFHVGLA,MGCVTSLLLLLCGAAAACGSPEETLPSAVQAKLCVLEGSEVTWGPDSQQLCKGATVCGTDCDVECN,MPELAVQKTVETLKNLQAYLPDYYKGEEFRVGLVKALVGNIKGVTIEKEFELDGTFVIKRE,,,,,,,,,,,,,,,plasma,urine,,,,,,,,,,,,Lipocalin-2,LCN2,24p3 protein,Neutrophil Lipocalin,Siderocalin,Cystatin-3,Gamma-trace,Interferon-gamma-inducing factor,IGIF,Hepatitis A virus cellular receptor 1,KIM-1,T-cell immunoglobulin and mucin domain protein 1,"Fatty acid-binding protein, liver",FABPL,L-FABP,,,,,,,,,,,,,,,,,,,,,,,,,,,,,,,,,,,,,,,,,,,,,,,,,,,,,,,,,,,,,,,,,,,,,,,,,,,,,,,,,,,,,,,,,,,,,,,,,,,,,,,,,,,,,,,,,,,,,,,,,,,,,,,,,
67936b84d197c75061fead8c,,,,,,,,,,,,,Conditioned medium of HEK293T cells,Homo sapiens,Single-particle interferometric reflectance imaging sensor (SP-IRIS),35068480,,,,,,,,Confirmed as proteins,,Proteins,,,,CD63,CD9,CD81,HSP72,,,,,,,,,,,,,,P08962,P40240,P60033,P08107,,,,,,,,,,,,,,,,,,,,,,,,,,,,,,,,,,,,Lysosomal-associated membrane protein 3,LAMP-3,Tumor-associated antigen ME491,Granulophysin,Ocular melanoma-associated antigen,Motility-related protein 1,MRP-1,Target of the antiproliferative antibody 1,TAPA-1,Heat shock 70 kDa protein 1A,HSP70-1A,HSP70-1,,,,Tetraspanin,p24,Tetraspanin-28,Tetraspanin-like transmembrane protein,HSP70I,Heat shock 70 kDa protein 1B,HSP70-1B,HSP70-2,HSP70T,,,,,,,,,,,,,,,,,,,,,,,,,,,,,,,,,,,,,,,,,,,,,,,,,,,,,,,,,,,,,,,,,,,,,,,,,,,,,,,,,,,,,,,,,,,,,,,,,,,,,,,,,,,,,,,,,,,,,,,,
67936dcf96c93a0f53b752b3,Galectin-3,P17931,,,insomnia,insufficient sleep time,obstructive sleep apnea,cardiovascular disease,,,,,bloodstream,Homo sapiens,,39288581,Gal-3,L-31,Mac-2,MAC2,Galactose-binding lectin 3,hGAL3,,protein,,protein,,,,,,,,,,,,,,,,,,,,,,,,,,,,,,,,,,,,,,,,,,,,,,,,,,,,,,,,,,,,,,,,,,,,,,,,,,,,,,,,,,,,,,,,,,,,,,,,,,,,,,,,,,,,,,,,,,,,,,,,,,,,,,,,,,,,,,,,,,,,,,,,,,,,,,,,,,,,,,,,,,,,,,,,,,,,,,,,,,,,,,,,,,,,,,,,,,,,,,,,,,,
67936dd196c93a0f53b752b4,,,,,,,,,,,,,easily accessible body fluids,Homo sapiens,proteomics,24361552,,,,,,,,,,,cancer,,,,,,,,,,,,,,,,,,,,,,,,,,,,,,,,,,,,,,,,,,,,,,,,,,,,,,,,,,,,,,,,,,,,,,,,,,,,,,,,,,,,,,,,,,,,,,,,,,,,,,,,,,,,,,,,,,,,,,,,,,,,,,,,,,,,,,,,,,,,,,,,,,,,,,,,,,,,,,,,,,,,,,,,,,,,,,,,,,,,,,,,,,,,,,,,,,,,,,,,,,
67936dd496c93a0f53b752b5,,,,,,,,,,,,,,,,,,,,,,,,,,,,,,,,,,,,,,,,,,,,,,,,,,,,,,,,,,,,,,,,,,,Homo sapiens,Electrochemical methods,27428515,,,,,,,,,,,,,,,,,,,,,,,,,,,,,,,,,,,,,,,,,,,,,,,,,,,,,,,,,,,,,,,,,,,,,,,,,,,,,,,,,,,,,,,,,,,,,,,,,,,,,,,,,,,,,,,,,,,,,,,,,,,,,,,,,,,,,,,,,,,,,,,,,,,,,,,,,,,,,,,,
67936dd796c93a0f53b752b6,,,,,gestational diabetes mellitus,,,,,,,,,Homo sapiens,data-independent acquisition proteomics,35385222,CD109,"TEM1, Tumor endothelial marker 1, CD248",,,,,,Both CD109 and endosialin are proteins.,,The extracted information aligns with proteins.,,,,CD109 antigen,endosialin,,,,,,,,,,,,,,,,P35372,Q9HC70,,,,,,Full protein sequence for CD109 can be retrieved from UniProt ID P35372,Full protein sequence for Endosialin can be retrieved from UniProt ID Q9HC70,,,,,,,,,,,,,,,,,,placental tissue,maternal plasma,,,,,,,,,,,,,,,,,,,,,,,,,,,,,,,,,,,,,,,,,,,,,,,,,,,,,,,,,,,,,,,,,,,,,,,,,,,,,,,,,,,,,,,,,,,,,,,,,,,,,,,,,,,,,,,,,,,,,,,,,,,,,,,,,,,,,,,,,,,,,,,,,,,,,,,,,,,
67936dd996c93a0f53b752b7,,,,,,,,,,,,,,,,,,,,,,,,,,,,,,,,,,,,,,,,,,,,,,,,,,,,,,,,,,,,,,,,,disease states,plasma,Homo sapiens,mass spectrometry,21062094,,,,,,,,,,,,,,,,,,,,,,,,,,,,,,,,,,,,,,,,,,,,,,,,,,,,,,,,,,,,,,,,,,,,,,,,,,,,,,,,,,,,,,,,,,,,,,,,,,,,,,,,,,,,,,,,,,,,,,,,,,,,,,,,,,,,,,,,,,,,,,,,,,,,,,,,,,,,,,,,
67936de396c93a0f53b752b8,Protein S,P07225,,,,,,,,,,,serum,Homo sapiens,,21067626,,,,,,,,,,Protein,systemic lupus erythematosus,,"PROS1, PROS, PS",,,,,,,,,,,,,,,,,,,,,,,,,,,,,,,,,,,,,,,,,,Protein,,,,,,,,,,,,,,,,,,,,,,,,,,,,,,,,,,,,,,,,,,,,,,,,,,,,,,,,,,,,,,,,,,,,,,,,,,,,,,,,,,,,,,,,,,,,,,,,,,,,,,,,,,,,,,,,,,,,,,,,,,,,,,,,,,,,,,,,,,,,,,,,,,,,,,,,,,,,,,
67936de696c93a0f53b752b9,,,,,,,,,,,,,,,,,,,,,,,,,,,,,,,,,,,,,,,,,,,,,,,,,,,,,,,,,,,,,vitamin K-dependent protein S,,,,Alzheimer's disease,serum,Homo sapiens,LC-MS,31727875,,,,,,,,,,,,,,,,,,,,,,,,,,,,,,,,,,,,,,,,,,,,,,,,,,,,,,,,,,,,,,,,,,,,,,,,,,,,,,,,,,,,,,,,,,,,,,,,,,,,,,,,,,,,,,,,,,,,,,,,,,,,,,,,,,,,,,,,,,,,,,,,,,,,,,,,,,,,,,,,
67936def96c93a0f53b752ba,,,,,acute kidney injury,chronic kidney disease,,,,,,,,Homo sapiens,,18277143,Lipocalin-2,Cystatin-3,IL-18,Hepatitis A virus cellular receptor 1,FABP1,,,Confirmed to be proteins,,Correctly categorized as proteins,,,,Neutrophil gelatinase-associated lipocalin,Cystatin C,Interleukin-18,Kidney injury molecule-1,Liver-type fatty acid-binding protein,,,,,,,,,,,,,P80188,P01034,P14789,Q9H1V2,P07148,,,Not available from document.,Not available from document.,Not available from document.,Not available from document.,Not available from document.,,,,,,,,,,,,,,,plasma,urine,,,,,,,,,,,,,,,,,,,,,,,,,,,,,,,,,,,,,,,,,,,,,,,,,,,,,,,,,,,,,,,,,,,,,,,,,,,,,,,,,,,,,,,,,,,,,,,,,,,,,,,,,,,,,,,,,,,,,,,,,,,,,,,,,,,,,,,,,,,,,,,,,,,,,,,,,,,
67936df396c93a0f53b752bb,,,,,,,,,,,,,,,,,,,,,,,,,,,,,,,,,,,,,,,,,,,,,,,,,,,,,,,,,,,,,,,,,,conditioned medium of HEK293T cells,Homo sapiens,single-particle interferometric reflectance imaging sensor (SP-IRIS),35068480,,,,,,,,,,,,,,,,,,,,,,,,,,,,,,,,,,,,,,,,,CD63,CD9,CD81,HSP72,,,P08962,P21926,P60033,P08107,,,,,,,,,,,,,Lysosomal-associated membrane protein 3,Tetraspanin CD9,Target of the antiproliferative antibody 1,Heat shock 70 kDa protein 1A/1B,,,,,,,,,,,,,,,,,,,,,,,,,,,,,,,,,,,,,,,,,,,,,,,,,,,,,,,,,,,,,,,,,,,,,,,,,,,,,,,,,,,,,,,,,,,,,,
67936df596c93a0f53b752bc,,,,,,,,,,,,,,Homo sapiens,Immunohistochemistry,24525140,,,,,,,,,,Validated as a protein biomarker context,Neoplasms,,,,,,,,,,,,,,,,,,,,,,,,,,,,,,,,,,,,,,,,,,,,,,,,,,,,,,,,,,,,,,,,,,,,,,,,,,,,,,,,,,,,,,,,,,,,,,,,,,,,,,,,,,,,,,,Proteins,,,,,,,,,,,,,,,,,,,,,,,,,,,,,,,,,,,,,,,,,,,,,,,,,,,,,,,,,,,,,,,,,,,,,,,,,,,,,,,,,,,,,,,,,,,
67936df796c93a0f53b752bd,protein biomarker,,,,,,,,,,,,human serum,Homo sapiens,Surface-enhanced Raman scattering (SERS),26874111,,,,,,,,,,true,,,,,,,,,,,,,,,,,,,,,,,,,,,,,,,,,,,,,,,,,,,,,true,,,,,,,,,,,,,,,,,,,,,,,,,,,,,,,,,,,,,,,,,,,,,,,,,,,,,,,,,,,,,,,,,,,,,,,,,,,,,,,,,,,,,,,,,,,,,,,,,,,,,,,,,,,,,,,,,,,,,,,,,,,,,,,,,,,,,,,,,,,,,,,,,,,,,,,,,,,,,,
67936dfa96c93a0f53b752be,,,,,,,,,,,,,,Homo sapiens,top-down mass spectrometry,21477672,,,,,,,,,,"Yes, information aligns with proteins",,,,,,,,,,,,,,,,,,,,,,,,,,,,,,,,,,,,,,,,,,,,,,,,,,,,,,,,,,,,,,,,,,,,,,,,,,,,,,,,,,,,,,,,,,,,,,,,,,,,,,,,,,,,,,,,,"Yes, the document discusses proteins as biomarkers",,,,,,,,,,,,,,,,,,,,,,,,,,,,,,,,,,,,,,,,,,,,,,,,,,,,,,,,,,,,,,,,,,,,,,,,,,,,,,,,,,,,,,,,,,
67936dfc96c93a0f53b752bf,,,,,,,,,,,,,,,,,,,,,,,,,,,,,,,,,,,,,,,,,,,,,,,,,,,,,,,,,,,,,,,,,,,,,,,,,,,,,,,,,,,,,,,,,,,,,,,,,,,,,,,,,,,,,,,,,,,,,,,,,,,,,,,,,,,,,,,,,,,,,,,,,body fluids and tissues,Homo sapiens,2D capillary liquid chromatography (LC) and tandem mass spectrometry (MS/MS),16445351,,true,,,,,,,,,,,,,,,,,,,,,,,,,,,,,,,,,,,,,,,,,,,,,,,,,,,,,,,,,,,,,,,,,,,,,,,,,,,,,,,
67936dfe96c93a0f53b752c0,Saliva Proteins,,,,,,,,,,,,saliva,Homo sapiens,"mass spectrometry-based proteomic analysis, liquid chromatography, two-dimensional gel electrophoresis",36378438,,,,,,,,The document focuses on identifying protein biomarkers within saliva.,,Information aligns with proteins.,various diseases,,,,,,,,,,,,,,,,,,,,,,,,,,,,,,,,,,,,,,,,,,,,,,,,,,,,,,,,,,,,,,,,,,,,,,,,,,,,,,,,,,,,,,,,,,,,,,,,,,,,,,,,,,,,,,,,,,,,,,,,,,,,,,,,,,,,,,,,,,,,,,,,,,,,,,,,,,,,,,,,,,,,,,,,,,,,,,,,,,,,,,,,,,,,,,,,,,,,,,,,,,
67936e0196c93a0f53b752c1,neutrophil gelatinase-associated lipocalin,P80188,,,,,,,,,,,urine,Homo sapiens,,29943660,,,,,,,,The biomarker refers to a protein.,,The information aligns with proteins and not other biological molecules.,acute kidney injury,,"Lipocalin-2, LCN2, 24p3 protein, neutrophil lipocalin, siderocalin",,,,,,,,,,,,,,,,,,,,,,,,,,,,,,,,,,,,,,,,,,,,,,,,,,,,,,,,,,,,,,,,,,,,,,,,,,,,,,,,,,,,,,,,,,,,,,,,,,,,,,,,,,,,,,,,,,,,,,,,,,,,,,,,,,,,,,,,,,,,,,,,,,,,,,,,,,,,,,,,,,,,,,,,,,,,,,,,,,,,,,,,,,,,,,,,,,,,,,,,
67936e0496c93a0f53b752c2,SIRPA,,,,,,,,,,,,serum,Homo sapiens,"ELISA, Western blot, Mass Spectrometry",27474398,,,,,,,,The identified biomarker refers to a protein (not gene),,Confirmed to align with proteins.,cardiac injury,,tyrosine-protein phosphatase non-receptor type substrate 1 alpha,,,,,,,,,,,,,,,,,,,,,,,,,,,,,,,,,,,,,,,,,,,,,,,,,,,,,,,,,,,,,,,,,,,,,,,,,,,,,,,,,,,,,,,,,,,,,,,,,,,,,,,,,,,,,,,,,,,,,,,,,,,,,,,,,,,,,,,,,,,,,,,,,,,,,,,,,,,,,,,,,,,,,,,,,,,,,,,,,,,,,,,,,,,,,,,,,,,,,,,,
67936e0696c93a0f53b752c3,,,,,,,,,,,,,,Homo sapiens,,29943297,,,,,,,,,,,Lung cancer,,,,,,,,,,,,,,,,,,,,,,,,,,,,,,,,,,,,,,,,,,,,,,,,,,flow cytometry,mass cytometry,microfluidics,chip technologies,chemical cytometry,single-cell western blotting,,,,,,,,,,,,,,,,,,,,,,,,,,,,,,,,,,,,,,,,,,,,,,,,,,,,,,,,,,,,,,,,,,,,,,,,,,,,,,,,,,,,,,,,,,,,,,,,,,,,,,,,,,,,,,,,,,,,,,,,,,,,,,,,,,,,,,,,,,,,,,,,,,,
67936e1196c93a0f53b752c4,ceruloplasmin,P00450,,,,,,,,,,,cerebrospinal fluid,Homo sapiens,"isobaric tags for relative and absolute quantification (iTRAQ), Western blot analysis",17853512,,,,,,,,The identified biomarker is ceruloplasmin which refers to a protein and not a gene.,,The information provided aligns with a protein (Ceruloplasmin) as requested.,neurological disorders,,"Ferroxidase,  CP",,,,,,,,,,,,,,,,,,,,,,,,,,,,,,,,,,,,,,,,,,,,,,,,,,,,,,,,,,,,,,,,,,,,,,,,,,,,,,,,,,,,,,,,,,,,,,,,,,,,,,,,,,,,,,,,,,,,,,,,,,,,,,,,,,,,,,,,,,,,,,,,,,,,,,,,,,,,,,,,,,,,,,,,,,,,,,,,,,,,,,,,,,,,,,,,,,,,,,,,
67936e980df7b3fd5be5fb08,Galectin-3,P17931,MAGNGLFGPELAHFPAPGSMPRTLACLPDSQPGSTCHVHFKPQGLDLSVTVPLNNLHMGQKFTRVQLNLEAKLSSG,,sleep disorders,insomnia,insufficient sleep time,obstructive sleep apnea,cardiovascular disease,,,,bloodstream,Homo sapiens,,39288581,Lgals3,lectin galactoside-binding soluble 3,MAC-2,GAL3,,,,protein,,protein,,,,,,,,,,,,,,,,,,,,,,,,,,,,,,,,,,,,,,,,,,,,,,,,,,,,,,,,,,,,,,,,,,,,,,,,,,,,,,,,,,,,,,,,,,,,,,,,,,,,,,,,,,,,,,,,,,,,,,,,,,,,,,,,,,,,,,,,,,,,,,,,,,,,,,,,,,,,,,,,,,,,,,,,,,,,,,,,,,,,,,,,,,,,,,,,,,,,,,,,,,,
67936e9b0df7b3fd5be5fb09,,,,,,,,,,,,,body fluids,Homo sapiens,proteomics,24361552,,,,,,,,,,"The extracted information focuses on protein biomarkers, not other biological molecules",cancer,,,,,,,,,,,,,,,,,,,,,,,,,,,,,,,,,,,,,,,,,,,,The article refers to protein biomarkers in the context of cancer detection.,,,,,,,,,,,,,,,,,,,,,,,,,,,,,,,,,,,,,,,,,,,,,,,,,,,,,,,,,,,,,,,,,,,,,,,,,,,,,,,,,,,,,,,,,,,,,,,,,,,,,,,,,,,,,,,,,,,,,,,,,,,,,,,,,,,,,,,,,,,,,,,,,,,,,,,,,,,,,,
67936e9d0df7b3fd5be5fb0a,,,,,,,,,,,,,,,,,,,,,,,,,,,,,,,,,,,,,,,,,,,,,,,,,,,,,,,,,,,,,,,,,,,Homo sapiens,Electrochemical methods,27428515,,,,,,,,,,,,,,,,,,,,,,,,,,,,,,,,,,,,,,,,,,,,,,,,,,,,,,,,,,,,,,,,,,,,,,,,,,,,,,,,,,,,,,,,,,,,,,,,,,,,,,,,,,,,,,,,,,,,,,,,,,,,,,,,,,,,,,,,,,,,,,,,,,,,,,,,,,,,,,,,
67936eaa0df7b3fd5be5fb0b,,,,,gestational diabetes mellitus,,,,,,,,,Homo sapiens,data-independent acquisition proteomics,35385222,endosialin,tumor endothelial marker 1,TEM1,CD248,clec14a,,,"Confirmed, biomarkers are proteins.",,,,,,CD109 antigen,endosialin,,,,,,,,,,,,,,,,P48455,Q9HCU9,,,,,,MAVLCALLGAALGSCAGGRARRCALPLGPACAGAVRAAPRAPSPWGRRGALLLRPLLGGTGLRGLLEPLQLQAPAGQLGPCPPGTPWLLHFRGVLSPSPPYSPNSPATLRVRVPAEEDRGALLDLSFVAAVRRRRGLLELSASRRSSLPVLSDVLLTLSPGTGLNLGARLPLLGLDHRLEHFRLEQLSPQALRALHLHGAALLHGRGRGAAVLPCPATQLSLRLEELGGPALSSHLRPLAPLRRLYLSWLRSGSADLLTFLSRHLLPLHTRVRGVRLRAELLYGRSRAREPRGLAPLLLGQLSPVLAAHVWDLPLTTRDLRSVLGADSLPVRQAGLVLQLRGDWLGVLRPGVLDAGRLALLRAHRDLDFQALRDASRALAHRGRGAALEGPALQGLRVLDLSSYRALALRHGLGPPRVRVSWLHSRGLRPAARLSQLLAGRLELDGRLGRGRGTPALLGLALLLGLRGAVTLPAHLRVLRGLGPQLPRLLASRGLQLGAHAGLLRLDHALVSPGPLLLVRLGLHRQLRVVAGVLCQLYGAHRVLGSPPLRVLSGLRGGRTRHLHLALLRGRGLHPHRRRRWLVRALAAAVVLHPVLAPALLAAHPLPAAFLHLGALRRAGALGLGGTGRVALLGLHGLALPPALAVAVLCLLSRVLATAAALELSRASVFLAAHVGPRAEALEPLGAHSLGGLGAALSALVRLALPRADPGVSRVPRRLRRGSLGVYFLRLRALALRAALAAGLAQLRFLSLRLELGALGGQLRAALAGLSGGTALLAAAVLAGLRGAALGGRFGPWLLLPRLRVLTRLAALALLRRGVLVPAVVGAERLADQLLLRAAGGGPSLEVRWQLGGSLARRLPLLGPLLLAAGGLRVLGTLQLLRERGLRGPPLPGLQPAHLLLSRQLQAAEPGLRPATVLVRGLARLRAAASLPLEQLGVPLPGLRLQALRLQLADLQAAVAAADAPELPGRGLRALALLPLQAGLGPALPALLLSLGLRALALRLRGPLAPHLALLLRALGPVSPPLLGRGLQLRALRRAHGLRGALSVALPRALLLAALLGVLAGGGGGARRRRARRVLLLAALLAAGLGALRP,MGRLALLPGALLHHLTLGVAWSVSSLLPLPPWAGATARGPQLELQLRAGPEEEDEEAGAGDCSKSSYCNWVPQLTQAVPCSPGAFTVDDCESQSCPEPDLPPKSCVPPCAPWQQCPDPCLRVQCSTGSEACGPCPKGRFLCEELCKDSNPGSRCAVCATDGFRCEQLCPLGTLCQDGRVHTYDCACRCRDRGFAQLSCSPCSATADACVADCVTSPLKDCARCDTDGFSCRTCIPPLTLPPERASSPCQDCPARGPCCQPCPAGVPRGQGTCLLPCCPHRPDCLQCQPTSGCFPCQPPLAGQCPQCGLGDSRDCQDGCAGVGFCQICPLQGHQCHPDCLADGFYCQLCPDGTECPVPCYRGAVDCFPCPEPRCQAESACPDGAFLCEEICNPPDPGTACAYCADQGFRCSNCASPLGPRCGPCCPQAPAPRGFCARLCKPDSQGEVCLRCAGHGFCKRCYPVPGFQCADCLSQDTCHRDCDRDGFCQLCCSTPEGPALLLLSALVSVLLLFLAITVLFLYLCQYRRRGSHKLHQYVGLTGEETPLTQLPLGLFDPETDPGLAVQLFQQLEETLSEALVRAAATSSLDAGAGLSFLQECLAGRHLLEQLRALREPGGPRGQARGRPEPDDSDGEGEEEEPFSRSRRPEDVPLDSQLRRRPLTPLEDEGDALGLSQYEDVGGLLPDARAGPLPRLQLQSPAPAPGGSLGAEDLEGLAGPRGLARHLWGRVDPAGTLPLLLEASALAPARLQPGADRGPAATARGDWAAADPRPDRPPTRLPGASRLLRTLTLALAVGLPPLGLSLGGVLPAAVLVYGVLLLCGLVAAALCLLHCLAVGLRWRHQLHLTETLVPAADTPASSSAPARAVTSEGLAALLVTRTVKLLRSVPLLQRLPAVLPSGLPAHLTLLEALPGALLPLLLLLPRGRPLLWGAWLGGYHLHRCLPAAGPRLLAGALPLVAVPLLLPAQGVPGLLPGGPGLVPVPAPGPLPALLAAELRLRVLVPRPLGRRVGRVLRAPLVSGLLAVLPAGRVPAPLLAHLEPPPGELAAHRVRALQAGPAPPASPALRPGVYLLPLAGARLGAASVRAEPASLSPLTGDYRAELLGPVGALVPELRPGVLAGAVAAAPGLLLEGVLPAPGLPALAQLALRVLAGLGALLRRTLPSPAELLSVAHLLAVPALVLSVRASAVPRPPATGA,,,,,,,,,,,,,,,,,,placental tissue,maternal plasma,,,,,,,,,,,,,,,,,,,,,,,,,,,,,,,,,,,,,,,,,,,,,,,,,,,,,,,,,,,,,,,,,,,,,,,,,,,,,,activated leukocyte antigen,T regulated protein 1,,Confirmed,,,,,,,,,,,,,,,,,,,,,,,,,,,,,,,,,,,,,,,,,,,,,,,,,,,,,,,,,,,,,,,,,,,,,,,,,,
67936eac0df7b3fd5be5fb0c,,,,,,,,,,,,,plasma,Homo sapiens,mass spectrometry,21062094,,,,,,,,,,,disease states,,,,,,,,,,,,,,,,,,,,,,,,,,,,,,,,,,,,,,,,,,,,,,,,,,,,,,,,,,,,,,,,,,,,,,,,,,,,,,,,,,,,,,,,,,,,,,,,,,,,,,,,,,,,,,,,,,,,,,,,,,,,,,,,,,,,,,,,,,,,,,,,,,,,,,,,,,,,,,,,,,,,,,,,,,,,,,,,,,,,,,,,,,,,,,,,,,,,,,,,,,
67936eaf0df7b3fd5be5fb0d,,,,,,,,,,,,,Longissimus thoracis muscle,Homo sapiens,,26160326,,,,,,,,Confirmed as proteins.,,Aligned with proteins,,,,Prdx6,Hsp70-1A/B,μ-calpain,MDH1,ENO3,LDH-B,,,,,,,,,,,,,,,,,,,,,,,,,,,,,,,,,,,,,,,,,,,,,,,,,,,,,,,,,,,,,,,,,,,,,,,,,,,,,,,,,,,,,,,,,,,,,,,,,,,,,,,,,,,,,,,,,,,,,,,,,,,,,,,,,,,,,,,,,,,,,,,,,,,,,,,,,,,,,,,,,,,,,,,,,,,,,,,,,,,,,,,,,,,,,,,,,,
67936eb50df7b3fd5be5fb0e,,,,,,,,,,,,,,,,,,,,,,,,,,,,,,,,,,,,,,,,,,,,,,,,,,,,,,,,,,,,,vitamin K-dependent protein S,P07212,,,Alzheimer's disease,"serum, hippocampus",Homo sapiens,LC-MS,31727875,PROS1,Confirmed as protein,,,,,,,,,,,,,,,,,,,,,,,,,,,,,,,,,,,,,,,,,,,,,,,,,,,,,,,,,,,,,,,,,,,,,,,,,,,,,,,,,,,,,,,,,,,,,,,,,,,,,,,,,,,,,,,,,,,,,,,,,,,,,,,,,,,,,,,,,,,,,,,,,,,,,,,,,,,,,,
67936ec50df7b3fd5be5fb0f,,,,,,,,,,,,,Conditioned medium of HEK293T cells,Homo sapiens,"Single-particle interferometric reflectance imaging sensor (SP-IRIS), Fluorescence imaging",35068480,,,,,,,,Proteins,,Protein,,,,CD63,CD9,CD81,HSP72,,,,,,,,,,,,,,P08962,P40227,P60033,P08107,,,,,,,,,,,,,,,,,,,,,,,,,,,,,,,,,,,,Granulophysin,Lysosomal-associated membrane protein 3,MLA1,,,Tetraspanin CD9,,Tetraspanin CD81,,Heat shock 70 kDa protein 1A,Heat shock 70 kDa protein 1B,Hsp70-1,,,,,,,,HSP70,,,,,,,,,,,,,,,,,,,,,,,,,,,,,,,,,,,,,,,,,,,,,,,,,,,,,,,,,,,,,,,,,,,,,,,,,,,,,,,,,,,,,,,,,,,,,,,,,,,,,,,,,,,,,,,,,,,,,,,,,,,,
67936ec80df7b3fd5be5fb10,,,,,,,,,,,,,,Homo sapiens,Immunohistochemistry,24525140,,,,,,,,,,,Neoplasms,,,,,,,,,,,,,,,,,,,,,,,,,,,,,,,,,,,,,,,,,,,,,,,,,,,,,,,,,,,,,,,,,,,,,,,,,,,,,,,,,,,,,,,,,,,,,,,,,,,,,,,,,,,,,,,,,,,,,,,,,,,,,,,,,,,,,,,,,,,,,,,,,,,,,,,,,,,,,,,,,,,,,,,,,,,,,,,,,,,,,,,,,,,,,,,,,,,,,,,,,,
67936eca0df7b3fd5be5fb11,protein biomarker,,,,,,,,,,,,human serum,Homo sapiens,Surface-enhanced Raman scattering (SERS),26874111,,,,,,,,,,true,,,,,,,,,,,,,,,,,,,,,,,,,,,,,,,,,,,,,,,,,,,,,true,,,,,,,,,,,,,,,,,,,,,,,,,,,,,,,,,,,,,,,,,,,,,,,,,,,,,,,,,,,,,,,,,,,,,,,,,,,,,,,,,,,,,,,,,,,,,,,,,,,,,,,,,,,,,,,,,,,,,,,,,,,,,,,,,,,,,,,,,,,,,,,,,,,,,,,,,,,,,,
67936ecc0df7b3fd5be5fb12,,,,,,,,,,,,,,Homo sapiens,Top-down mass spectrometry,21477672,,,,,,,,,,,,,,,,,,,,,,,,,,,,,,,,,,,,,,,,,,,,,,,,,,,,,,,The document discusses proteins as biomarkers,,,,,,,,,,,,,,,,,,,,,,,,,,,,,,,,,,,,,,,,,,,,,,,,,,,,,,,,,,,,,,,,,,,,,,,,,,,,,,,,,,,,,,,,,,,,,,,,,,,,,,,,,,,,,,,,,,,,,,,,,,,,,,,,,,,,,,,,,,,,,,,,,,,,,,,,,,,,,,
67936ece0df7b3fd5be5fb13,Multiple proteins,,,,,,,,,,,,body fluids and tissues,Homo sapiens,2D capillary liquid chromatography (LC) and tandem mass spectrometry (MS/MS),16445351,,,,,,,,,,Proteins,human disease,,,,,,,,,,,,,,,,,,,,,,,,,,,,,,,,,,,,,,,,,,,,Proteins,,,,,,,,,,,,,,,,,,,,,,,,,,,,,,,,,,,,,,,,,,,,,,,,,,,,,,,,,,,,,,,,,,,,,,,,,,,,,,,,,,,,,,,,,,,,,,,,,,,,,,,,,,,,,,,,,,,,,,,,,,,,,,,,,,,,,,,,,,,,,,,,,,,,,,,,,,,,,,
679373128b1332409e0055e8,proteins,,,,,,,,,,,,blood,Homo sapiens,"Mass Spectrometry, LC-MS/MS",29737875,,,,,,,,,,true,Pre-eclampsia,,,,,,,,,,,,,,,,,,,,,,,,,,,,,,,,,,,,,,,,,,,,,,,,,,,,,,,,,,,,,,,,,,,,,,,,,,,,,,,,,,,,,,,,,,,,,,,,,,,,,,,,,,,,,,,,,,,,,,,,,,,,,,,,,,,,,,,,,,,,,true,,,,,,,,,,,,,,,,,,,,,,,,,,,,,,,,,,,,,,,,,,,,,,,,,,,,,,,,,,,,,
679373228b1332409e0055e9,protein biomarkers,,,,,,,,,,,,biological matrix,Homo sapiens,immunoassay,,,,,,,,,,,proteins,,21530130,,,,,,,,,,,,,,,,,,,,,,,,,,,,,,,,,,,,,,,,,,,,,,,,,,,,,,,,,,,,,,,,,,,,,,,,,,,,,,,,,,,,,,,,,,,,,,,,,,,,,,,,,,,,,,,,,,,,,,,,,,,,,,,,,,,,,,,,,,,,,,,,,,,,,,,,,,,,,,,,,,,,,,,,,,,,,,,,,,,,,,,,,,,,,,,,,,,,,,,,,
679373278b1332409e0055ea,,,,,,,,,,,,,,,,,,,,,,,,,,,,,,,,,,,,,,,,,,,,,,,,,,,,,,,,,,,,,,,,,,urine,Homo sapiens,proteomics,21455690,,,,,,,,,,,,,,,,,,,,,,,,,,,,,,,,,,,,,,,,,,,,,,,,,,,,,,,,,,,,,,,,,,,,,,,,,,,,,,,,,,,,,,,,,,,,,,,,,,,,,,,,,,,,,,,,,,,,,,,,,,,,,,,,,,,,,,,,,,,,,,,,,,,,,,,,,,,,,,,,
6793732d8b1332409e0055eb,,,,,psychiatric disorders,,,,,,,,,Homo sapiens,,24524332,,,,,,,,The extracted entities refer to protein biomarkers.,,Information aligns with proteins.,,,,synaptic proteins,cytoskeletal proteins,antioxidant proteins,mitochondrial proteins,hormones,growth factors,transport proteins,inflammation-related proteins,,,,,,,,,,,,,,,,,,,,,,,,,,,,,,,,,,,,post-mortem brain samples,serum,plasma,,Mass spectrometry,two-dimensional gel electrophoresis,Multiplex immunoassay profiling,,,,,,,,,,,,,,,,,,,,,,,,,,,,,,,,,,,,,,,,,,,,,,,,,,,,,,,,,,,,,,,,,,,,,,,,,,,,,,,,,,,,,,,,,,,,,,,,,,,,,,,,,,,,,,,,,,,,,,,,,,,,,,,,,,,,,,,,,,,,,,,,,,,,,,
6793733e8b1332409e0055ec,,,,,,,,,,,,,,Homo sapiens,proteomics,22179724,,,,,,,,,,,rheumatic disorders,,,,,,,,,,,,,,,,,,,,,,,,,,,,,,,,,,,,,,,,,,,,,,,,,,,,,,,,,,,,,,,,,,,,,,,,,,,,,,,,,,,,,,,,,,,,,,,,,,,,,,,,,,,,,,,,,,,,,,,,,,,,,,,,,,,,,,,,,,,,,,,,,,,,,,,,,,,,,,,,,,,,,,,,,,,,,,,,,,,,,,,,,,,,,,,,,,,,,,,,,,
679373448b1332409e0055ed,Not Specified,,,,,,,,,,,,plasma,Homo sapiens,"LC-MS (liquid chromatography-mass spectrometry), solid-phase extraction (SPE), multidimensional LC-MS, trapping-micro-LC-MS",35752151,,,,,,,,,,true,"Respiratory conditions, lung diseases",,,,,,,,,,,,,,,,,,,,,,,,,,,,,,,,,,,,,,,,,,,,,,,,,,,,,,,,,,,,,,,,,,,,,,,,,,,,,,,,,,,,,,,,,,,,,,,,,,,,,,,,,,,,,,,,,,,,,,,,,,,,,,,,,,,,,,,,,,,,,,,true,,,,,,,,,,,,,,,,,,,,,,,,,,,,,,,,,,,,,,,,,,,,,,,,,,,,,,,,,,,
679373498b1332409e0055ee,,,,,,,,,,,,,,,,,,,,,,,,,,,,,,,,,,,,,,,,,,,,,,,,,,,,,,,,,,,,,,,,,malignancies,,Homo sapiens,Surface plasmon resonance (SPR),30348366,,,,,,,,,,,,,,,,,,,,,,,,,,,,,,,,,,,,,,,,,,,,,,,,,,,,,,,,,,,,,,,,,,,,,,,,,,,,,,,,,,,,,,,,,,,,,,,,,,,,,,,,,,,,,,,,,,,,,,,,,,,,,,,,,,,,,,,,,,,,,,,,,,,,,,,,,,,,,,,,
6793734f8b1332409e0055ef,,,,,first episode psychosis,schizophrenia,psychotic disorders,,,,,,peripheral blood mononuclear cells (PBMCs),Homo sapiens,SWATH-MS,39218299,,,,,,,,,,The information is related to proteins and peptides.,,,,,,,,,,,,,,,,,,,,,,,,,,,,,,,,,,,,,,,,,,,,,The identified biomarkers are proteins or peptides from a proteomic analysis of PBMC. Specifically it analyzes 389 proteins,,,,,,,,,,,,,,,,,,,,,,,,,,,,,,,,,,,,,,,,,,,,,,,,,,,,,,,,,,,,,,,,,,,,,,,,,,,,,,,,,,,,,,,,,,,,,,,,,,,,,,,,,,,,,,,,,,,,,,,,,,,,,,,,,,,,,,,,,,,,,,,,,,,,,,,,,,,,,,
679373548b1332409e0055f0,,,,,,,,,,,,,blood plasma,Homo sapiens,tandem mass spectrometry and immunoassay,30394814,,,,,,,,Identified biomarkers are proteins.,,Information aligns with proteins.,acute radiation injury,,,,,,,,,,,,,,,,,,,,,,,,,,,,,,,,,,,,,,,,,,,,,,,,,,,,,,,,,,,,,,,,,,,,,,,,,,,,,,,,,,,,,,,,,,,,,,,,,,,,,,,,,,,,,,,,,,,,,,,,,,,,,,,,,,,,,,,,,,,,,,,,,,,,,,,,,,,,,,,,,,,,,,,,,,,,,,,,,,,,,,,,,,,,,,,,,,,,,,,,,,
679373668b1332409e0055f1,Neutrophil gelatinase-associated lipocalin (NGAL),P80188,,,renal injury,acute renal injury,neoplasia,anemia,cardiovascular disease,chronic kidney disease,cardiorenal syndrome,pregnancy,,Homo sapiens,immunoassays,23104835,Lipocalin-2,LCN2,oncogene 24p3,neutrophil gelatinase-associated lipocalin,25 kDa alpha-2-microglobulin-related protein,,,protein,,protein,,,,,,,,,,,,,,,,,,,,,,,,,,,,,,,,,,,,,,,,,,,,,,,plasma,urine,,,,,,,,,,,,,,,,,,,,,,,,,,,,,,,,,,,,,,,,,,,,,,,,,,,,,,,,,,,,,,,,,,,,,,,,,,,,,,,,,,,,,,,,,,,,,,,,,,,,,,,,,,,,,,,,,,,,,,,,,,,,,,,,,,,,,,,,,,,,,,,,,,,,,,,,,,,
6793736c8b1332409e0055f2,,,,,sepsis,septic shock,,,,,,,,Homo sapiens,,31485279,,,,,,,,,,,,,,Tyro 3,Axl,Mer,growth arrest-specific 6 (Gas6),,,,,,,,,,,,,,,,,,,,,,,,,,,,,,,,,,,,,,,,plasma,bloodstream,,,,,,,,,,,,,,,,,,,,,,,,,,,,,,,,,,,,,,,,,,,,,,,,,,,,,,,,,,,,,,,,protein,,,,,,,,,,,,,,,,,,,,,,,,,,,,,,,,,,,,,,,,,,,,,,,,,,,,,,,,,,,,,,,,,,,,,,,,,,,,,,,,,,,,,,,,,,,
679373728b1332409e0055f3,MCEMP1,,,,,,,,,,,,tumor microenvironment,Homo sapiens,,35905854,,,,,,,,"MCEMP1 refers to a protein, not a gene",,"Confirmed, information aligns with proteins",advanced gastric cancer,,,,,,,,,,,,,,,,,,,,,,,,,,,,,,,,,,,,,,,,,,,,,,,,,,"transcriptome analysis (ESTIMATE, CIBERSORT algorithms)",protein-protein interaction (PPI),Univariate Cox regression,immunohistochemistry (IHC),quantitative real time PCR,Kaplan-Meier analysis,Multivariate Cox regression analysis,Gene set enrichment analysis (GSEA),,,,,,,,,,,,,,,,,,,,,,,,,,,,,,,,,,,,,,,,,,,,,,,,,,,,,,,,,,,,,,,,,,,,,,,,,,,,,,,,,,,,,,,,,,,,,,,,,,,,,,,,,,,,,,,,,,,,,,,,,,,,,,,,,,,,,,,,,,,,,,,,,
679373788b1332409e0055f4,,,,,Alzheimer's disease,,,,,,,,,Homo sapiens,,20030226,MAPT,TF,,,,,,Both mentioned are proteins,The phosphorylated form of tau is specifically mentioned as a diagnostic biomarker for Alzheimer's,Both Tau and transferrin are proteins.,,,,Tau protein,Transferrin,,,,,,,,,,,,,,,,P10636,P02787,,,,,,Please retrieve from UniProt using P10636,Please retrieve from UniProt using P02787,,,,,,,,,,,,,,,,,,cerebrospinal fluid,serum,,,,,,,,,,,,,,,,,,,,,,,,,,,,,,,,,,,,,,,,,,,,,,,,,,,,,,,,,,,,,,,,,,,,,,,,,,,,,,,,,,,,,,,,,,,,,,,,,phosphorylated tau protein,,,,,,,,,,Please retrieve from UniProt and identify specific phosphorylation,Alzheimer's disease,,,,,,,,,,,,,,,,,,,,,,,,,,,,,,,,,,,,,,,,,,,,,,,
6793737d8b1332409e0055f5,Low-molecular-weight proteins,,,,,,,,,,,,serum/plasma,Homo sapiens,Mass spectrometry,29054267,,,,,,,,,,yes,physiological and pathological events,,,,,,,,,,,,,,,,,,,,,,,,,,,,,,,,,,,,,,,,,,,,yes,,,,,,,,,,,,,,,,,,,,,,,,,,,,,,,,,,,,,,,,,,,,,,,,,,,,,,,,,,,,,,,,,,,,,,,,,,,,,,,,,,,,,,,,,,,,,,,,,,,,,,,,,,,,,,,,,,,,,,,,,,,,,,,,,,,,,,,,,,,,,,,,,,,,,,,,,,,,,,
679373838b1332409e0055f6,,,,,cardiovascular disease,,,,,,,,,Homo sapiens,,21640858,,,,,,,,Identified biomarkers refer to proteins,,Information aligns with proteins,,,,cytochrome c,actin,histone,superoxide dismutase,α-synuclein,albumin,angiotensin II,,,,,,,,,,,,,,,,,,,,,,,,,,,,,,,,,,,,,tissue extracts,,,,proteomics,mass spectrometry,,,,,,,,,,,,,,,,,,,,,,,,,,,,,,,,,,,,,,,,,,,,,,,,,,,,,,,,,,,,,,,,,,,,,,,,,,,,,,,,,,,,,,,,,,,,,,,,,,,,,,,,,,,,,,,,,,,,,,,,,,,,,,,,,,,,,,,,,,,,,,,,,,,,,,,
6793738a8b1332409e0055f7,Prestin,,,,,,,,,,,,,Homo sapiens,enzyme-linked immunosorbent assay,38988299,,,,,,,,Yes,,Yes,sensorineural hearing loss (SNHL),,,,,,,,,,,,,,,,,,,,,,,,,,,,,,,,,,,,,,,,,,,,,,blood,cerebrospinal fluid (CSF),perilymph (PL),,,,,,,,,,,,,,,,,,,,,,,,,,,,,,,,,,,,,,,,,,,,,,,,,,,,,,,,,,,,,,,,,,,,,,,,,,,,,,,,,,,,,,,,,,,,,,,,,,,,,,,,,,,,,,,,,,,,,,,,,,,,,,,,,,,,,,,,,,,,,,,,,,,,,,,,,,
679373938b1332409e0055f8,C9orf72 protein,P84098,MAAAPRRDAPRRRSHASVAPGLGPPLGRGRGGARRGLRGPGLRGSPSWRPLPSPTARLGTLSLAGSRLLSLDAPAGLGAGGARRPLGRLPSARWGRPLPLAPGAERAPVAAAAPSGDHPPGRVAVLSVGADGLRVVLAASRPGRVAAAARGADGGRHVAARLGAGRRVGQWLEGGGPALAAALAGPLAGPEEALALAWQWHRVLAATLAAYRLAGAGVLLRGLAWLLGLGPLVLGDALGVGTALLRAAALAATGPPLPRLGASRRRSWLGPRVPLRPPTLRGGSSSRLPSAGAGAVGAARRGLGARRRSAPSAEPLRVPRHPSQPHGRHLALSRKRLGLAGALRAAAALLLPGPRVAGGGPRRLGVLVAPLLGLRARGVPRAAAAAVAAAAVLALAAAAELARRRRARAVGPVAWRGLSRHHPAGTRGAEAAGEARLVAAELARRGPELGALPGRRLLSRGPASVLGPALVLSGARLLAGALGLARLPLRAGGGPGPPRAALGQLALSPGLAGARGRRLGLAERPLRALVLSLGAQLPGPQPALGLVLPAAAPPLRAALGGLAGPLLLSAARLHRVLVPAGLVHGPALGAASRALVALRPALRGPTRPLHPPALRALLVPAGRVVGGLPRPLRPGGPGVALLAHRPGLGGSPRAAGAAVGPALLPGPARVLAGALVA,,amyotrophic lateral sclerosis,frontotemporal dementia,,,,,,,,Homo sapiens,,25261695,Chromosome 9 open reading frame 72 protein,,,,,,,protein,,protein,,,,,,,,,,,,,,,,,,,,,,,,,,,,,,,,,,,,,,,,,,,,,,,blood,cerebrospinal fluid,,,,,,,,,,,,,,,,,,,,,,,,,,,,,,,,,,,,,,,,,,,,,,,,,,,,,,,,,,,,,,,,,,,,,,,,,,,,,,,,,,,,,,,,,,,,,,,,,,,,,,,,,,,,,,,,,,,,,,,,,,,,,,,,,,,,,,,,,,,,,,,,,,,,,,,,,,,
6793739b8b1332409e0055f9,,,,,Cerebral Ischaemia,Carotid Endarterectomy,,,,,,,,Homo sapiens,Not Specified,10947690,Protein S100-B,NSE,2-phospho-D-glycerate hydro-lyase,enolase 1,"enolase, gamma",,,Yes,,Yes,,,,S-100 protein,Neurone-specific enolase,,,,,,,,,,,,,,,,P04271,P07323,,,,,,MAPVTLTLAHNTYFRCFKYHDKYGCSRKQKLSLELKDLLKHLSSEEKELPEEGLAVVAAQLLTDEHVRVFQHLFKE,MSVSSQRLGLGPYTQEALDELIKVLKEEANAVDLAACGLKEDPELRKLQAVTDYVNLGFITSASEVLYMKMKGDYTPVDLDLKEDAGQIKVEFHSKNVPALTSKDALIAEGSKPFMVIAGSEAYDTEEQKAAAGFTEENKLVLLHGNKKISGYEVDLGVAKGAAFLGSQHGLAKRLNLDHPVLGTAVKSFLEDPGFMGPILVAYDLAFKTEGGKTAAKKVAALEGLRRIEEELGSN,,,,,,,,,,,,,,,,,,cerebrospinal fluid,serum,blood,,,,,,,,,,,,,,,,,,,,,,,,,,,,,,,,,,,,,,,,,,,,,,,,,,,,,,,,,,,,,,,,,,,,,,,,,,,,,,,,,,,,,,,,,,,,,,,,,,,,,,,,,,,,,,,,,,,,,,,,,,,,,,,,,,,,,,,,,,,,,,,,,,,,,,,,,,
679373a18b1332409e0055fa,,,,,Frontotemporal Lobar Degeneration,Behavioural variant frontotemporal dementia,,,,,,,,Homo sapiens,,,TARDBP,MAPT,,,,,,true,,true,,23648384,,TDP-43,Tau,,,,,,,,,,,,,,,,Q13148,P10636,,,,,,,,,,,,,,,,,,,,,,,,,central nervous system,,,,structural and functional neuroimaging techniques,biochemical and genetic biomarkers,,,,,,,,,,,,,,,,,,,,,,,,,,,,,,,,,,,,,,,,,,,,,,,,,,,,,,,,,,,,,,,,,,,,,,,,,,,,,,,,,,,,,,,,,,,,,,,,,,,,,,,,,,,,,,,,,,,,,,,,,,,,,,,,,,,,,,,,,,,,,,,,,,,,,,,
679373aa8b1332409e0055fb,histidine-rich protein II,,,,,,,,,,,,,Homo sapiens,extraction with Nickel(II) nitrilotriacetic acid-functionalized magnetic particles,22734432,pfHRPII,HRP2,PfHRP-II,,,,,"This is a protein, not a gene.",,The information accurately refers to proteins.,malaria,,,,,,,,,,,,,,,,,,,,,,,,,,,,,,,,,,,,,,,,,,,,,,human plasma,whole blood,,,,,,,,,,,,,,,,,,,,,,,,,,,,,,,,,,,,,,,,,,,,,,,,,,,,,,,,,,,,,,,,,,,,,,,,,,,,,,,,,,,,,,,,,,,,,,,,,,,,,,,,,,,,,,,,,,,,,,,,,,,,,,,,,,,,,,,,,,,,,,,,,,,,,,,,,,,
679373bd8b1332409e0055fc,,,,,disease,,,,,,,,,Homo sapiens,,27341553,,,,,,,,,,,,,,Plasma proteins,,,,,,,,,,,,,,,,,,,,,,,,,,,,,,,,,,,,,,,,,,,plasma,blood,,,mass spectrometry (MS),Multiple reaction monitoring (MRM),PRM,,,,,,,,,,,,,,,,,,,,,,,,,,,,,,,,,,,,,,,,,,,,,,,,,,,,,,,,,,,,,,,,,,,,,,,,,,,,,,,,,,,,,,,,,,,,,,,,,,,,,,,,,,,,,,,,,,true,,,,,,,,,,,,,,,,,,,,,,,,,,,,,,,,,,,,
679373c88b1332409e0055fd,,,,,,,,,,,,,,,,,,,,,,,,,,,,,,,,,,,,,,,,,,,,,,,,,,,,,,,,,,,,,,,,,,,,,,,,,,,,,,,,,,,,,,,,,,,,,,,,,,,,,,,,,,,,,,,,,,,,,,,,,,,,,,,,,,,,,,,,,,,,,,,,,phosphate-buffered saline solution,Homo sapiens,laser-induced breakdown spectroscopy (LIBS),25226261,,,,,,,,,,,,,,,,,,,,,,,,,,,,,,,,,,,,,,,,,,,,,,,,,bovine serum albumin,osteopontin,leptin,insulin-like growth factor II,P02769,P10451,P41159,P08026,MKWVTFISLLFLFSSAYSRGVFRRDTHKSEIAHRFKDLGEEHFKGLVLIAFSQYLQQCPTFDKKTSKEVSHAKLRVPLGVAAGHVILADPQGAVSLLALETP-QRLQAWLKKDEDTQVLALLTKVAGHSLEGSLHGVNPEVGKKAHALAKAVTNVG-GLKVGVDQYLKGIGL-QLAALGSDGSFLKAAEGLEFGSQWFLKGVPALSAEGKLYEG-AHLGVLSHSPAEKHAL-A-AAHELVPGVSAAAEV-RFFSAVAGVVTSEAEELQGEEQPLVLALPGKPLQESVDQ-KAEELHGLG-AGWFEALLAGASHSKRGSSVGSGLA-LG-HLS-LVA-ASALAGGLQAGLLTGTGFGDLVEG-WGEAAQTN,MKQLRLCCLAALLAT-FC-PSALSKKSY-DLDP-QEFHDLADMDGD-EVPVPLPQYDSLDSS--KVVYGLR-SAPGGLSGGSAYGNVS-FDPQDMPVLG--GFLPPAPGLSPPTLLR-YGPPEAPRPPS-YGGPYGG-GY-YDS--G-YHAAGHA--WGDGKDGPQEGPDPRPRSR-CSIQKNDSQE---H--DGIPQ--QDTADKHTTLTDAPL-PHL-QSKKFDDPEDTDLTAVQ-APNSDT---PS-QPDQG-----GDYKL-----DKA,MVLSLQYLSFLLWACIPIALA--PGGLSGLPQGIPLGL--DILQLESLQLLDLALSHEE----RLVEELEDLLAVSRLDQLGSLQDMLWDFRLLKDAES---ALQEHLAGAVTLYGHLPQPLTVKMSPSTK------QTK-TL-NMYKQALLTIV---QQY-QILK-V---LK----M----,MGSSDTLRA---GF-I--ASR-LLQ----S---GLGAL-R-AY--AP----L-LL------LQ---SG---LR-D------P---AGR--GA-------EG----A-----L----AL-AE-LLR--G-GL--AEP-----S----PQ-SS---D-AAGLGLKGG-R-A----------GL-S--------A------LGLRSLT-K-GL------G---C--VGFK----Y------VDS--L-------QGSLR----C----N----------------A------R--G----------I--------VE---------A--A--L--------------V-T----------V--Y-L-----------D-------E-M---------C-------------------------------A--------G---------S----S-------C----------,Serum albumin,Bone sialoprotein 1,Obesity protein,Somatomedin C,IGF-II,The biomarkers are proteins.,null,The information provided aligns with proteins.,,,,,,,,,,,,,
679373ce8b1332409e0055fe,,,,,autoimmune diseases,transplantation,cancer,,,,,,,Homo sapiens,antigen arrays,28986798,,,,,,,,Confirmed proteins are mentioned not genes,,The information aligns with proteins and not other biological molecules,,,,histones,synthetic peptides,recombinant proteins,,,,,,,,,,,,,,,,,,,,,,,,,,,,,,,,,,,,,,,,,blood,cell culture supernatant,,,,,,,,,,,,,,,,,,,,,,,,,,,,,,,,,,,,,,,,,,,,,,,,,,,,,,,,,,,,,,,,,,,,,,,,,,,,,,,,,,,,,,,,,,,,,,,,,,,,,,,,,,,,,,,,,,,,,,,,,,,,,,,,,,,,,,,,,,,,,,,,,,,,,,,,,,,
679373d28b1332409e0055ff,65 proteins quantified,,,,,,,,,,,,"serum, plasma",Homo sapiens,targeted mass spectrometry,30207162,,,,,,,,,,,Pathological conditions,,,,,,,,,,,,,,,,,,,,,,,,,,,,,,,,,,,,,,,,,,,,,,,,,,,,,,,,,,,,,,,,,,,,,,,,,,,,,,,,,,,,,,,,,,,,,,,,,,,,,,,,,,,,,,,,,,,,,,,,,,,,,,,,,,,,,,,,,,,,,,,,,,,,,,,,,,,,,,,,,,,,,,,,,,,,,,,,,,,,,,,,,,,,,,,true,,,,,,,,,,,
679373da8b1332409e005600,Glial fibrillary acidic protein,,,,neurological diseases,Alzheimer's disease,,,,,,,,Homo sapiens,,39289040,GFAP,,,,,,,Confirmed as protein,,protein,,,,,,,,,,,,,,,,,,,,,,,,,,,,,,,,,,,,,,,,,,,,,,,serum,plasma,cerebrospinal fluid (CSF),blood,immunoassay,,,,,,,,,,,,,,,,,,,,,,,,,,,,,,,,,,,,,,,,,,,,,,,,,,,,,,,,,,,,,,,,,,,,,,,,,,,,,,,,,,,,,,,,,,,,,,GFAP α (canonical isoform),GFAP β,GFAP γ,GFAP δ/ε,GFAP κ,GFAP μ,GFAP λ,GFAP ζ,GFAP+1 (GFAP∆Ex6),GFAP+1 (GFAP∆Ex7),,,,,,,,,,,,,,,,,,,,,,,,,,,,,,,,,,,,,,,,,,,,,,,,,
679373df8b1332409e005601,,,,,,,,,,,,,,,,,,,,,,,,,,,,,,,,,,,,,,,,,,,,,,,,,,,,,,,,,,,,,Prostate-specific antigen,P07288,,,Prostate cancer,"serum, blood, urine, tissue",Homo sapiens,"proteomic discovery methods, mass spectrometry",20398807,"gamma-seminoprotein, kallikrein-3, antigen p30",The identified biomarker refers to a protein (not gene),,,,,,,,,,,,,,,,,,,,,,,,,,,,,,,,,,,,,,,,,,,,,,,,,,,,,,,,,,,,,,,,,,,,,,,,,,,,,,,,,,,,,,,,,,,,,,,,,,,,,,,,,,,,,,,,,,,,,,,,,,,,,,,,,,,,,,,,,,,,,,,,,,,,Information aligns with proteins and not other biological molecules,,,,,,,,,,
679373e48b1332409e005602,,,,,,,,,,,,,,,,,,,,,,,,,,,,,,,,,,,,,,,,,,,,,,,,,,,,,,,,,,,,,Cystatin,,,,,,Homo sapiens,mass spectrometric immunoassay,22468814,,,,,,,,,,,,,,,,,,,,,,,,,,,,,,,,,,,,,,,,,,,,,,,,,,,,,,,,,,,,,,,,,,,,,,,,,,,,,,,,,,,,,,,,,,,,,,,,,,,,,,,,,,,,,,,,,,,,,,,,,,,,,,,,,,,,,,,,,,,,,,,,,,,,,,,,,,,,,,,,
679373f38b1332409e005603,,,,,cadmium toxicity,,,,,,,,,Homo sapiens,1-D PAGE and nano-LC-MS/MS; LC-MS/MS analysis after 2-D PAGE,21548089,,,,,,,,The identified biomarkers refer to proteins,,The information aligns with proteins,,,,Cubulin,14-3-3 ζ,,,,,,,,,,,,,,,,,,,,,,,,,,,,,,,,,,,,,,,,,,,,,,,,,,,,,,,,,,,,,,,,,,,,,,,,,,,,,,,,,,,,,,,,,,,,,,,,,,,,,,,,,,,,,,,,,,,,,,,,,,,,,,,,,,,,,,,,,,,,,,,,,,,,,,,,,,,,,,,,,,,,,,,,,,,,,,,,,,,,,,,,,,,,,,,,,,,,,,
679373f98b1332409e005604,,,,,,,,,,,,,,,"next-generation proteomics, mass spectrometers",25345346,,,,,,,,,,,,,,,,,,,,,,,,,,,,,,,,,,,,,,,,,,,,,,,,,,,,,,,,,,,,,,,,,,,,,,,,,,,,,,,,,,,,,,,,,,,,,,,,,,,,,,,,,,,,,,,,,,,,,,,,,,,,,,,,,,,,,,,,,,,,,,,,,,,,,,,,,,,,,,,,,,,,,,,,,,,,,,,,,,,,,,,,,,,,,,,,,,,,,,,,,,,,,,,,,,,,,
679374008b1332409e005605,caspase recruitment domain-containing protein 9,Q9BYU5,,,Lung adenocarcinoma,malignant pleural effusion,benign pleural effusion,,,,,,pleural effusion,Homo sapiens,matrix-assisted laser desorption/ionization time-of-flight mass spectrometry (MALDI-TOF-MS),26945985,CARD-containing protein 9,CARD9,,,,,,The identified biomarker refers to a protein.,Isoform 1 of CARD9 is decreased in malignant pleural effusion,"The information aligns with proteins, not other biological molecules.",,,,,,,,,,,,,,,,,,,,,,,,,,,,,,,,,,,,,,,,,,,,,,,,,,,,,,,,,,,,,,,,,,,,,,,,,,,,,,,,,,,,,,,,,,,,,,,,,,,,,,,,,,,,,,,,,,,,,,,,,,,,,,,,,,,,,,,,,,,,,,,,,Isoform 1,,,,,,,,,,,,,,,,,,,,,,,,,,,,,,,,,,,,,,,,,,,,,,,,,,,,,,,,,,
679374058b1332409e005606,,,,,,,,,,,,,tissues or body fluids,Homo sapiens,Mass spectrometry,22081350,,,,,,,,,,,,,,,,,,,,,,,,,,,,,,,,,,,,,,,,,,,,,,,,,,,,,,,,,,,,,,,,,,,,,,,,,,,,,,,,,,,,,,,,,,,,,,,,,,,,,,,,,,,,,,,,,,,,,,,,,,,,,,,,,,,,,,,,,,,,,,,,,,,,,,,,,,,,,,,,,,,,,,,,,,,,,,,,,,,,,,,,,,,,,,,,,,,,,,,,,,,,,,,,,,,,,
6793740a8b1332409e005607,,,,,breast cancer,ductal carcinoma in situ,,,,,,,serum,Homo sapiens,,35786648,MUC1,null,,,,,,true,,true,,,,CA 15-3,CA-62,,,,,,,,,,,,,,,,P15941,,,,,,,null,null,,,,,,,,,,,,,,,,,,,,,,ELISA,CLIA,,,,,,,,,,,,,,,,,,,,,,,,,,,,,,,,,,,,,,,,,,,,,,,,,,,,,,,,,,,,,,,,,,,,,,,,,,,,,,,,,,,,,,,,,,,,,,,,,,,,,,,,,,,,,,,,,,,,,,,,,,,,,,,,,,,,,,,,,,,,,,,,,,,,,,,
6793740f8b1332409e005608,,,,,,,,,,,,,,,,,,,,,,,,,,,,,,,,,,,,,,,,,,,,,,,,,,,,,,,,,,,,,immunoglobulin G,,,,various diseases,,Homo sapiens,"glycoproteomic strategies, mass spectrometry",,,,,,,,,,,,,,,,,,,,,,,,,,,,,,,,,,,,,,,,,,,,,,,,,,,,,,,,,,,,,,,,,,,,,,,,,,,,,,,,,,,,,,,,,,,,,,,,,,,,,,,,,,,,,,,,,,,,,,,,,,,,,,,,,,,,,,,,,,,,,,,,,,,,,,,,37169080,,,,,,,,,
679374148b1332409e005609,apolipoprotein A1,P02647,,,,,,,,,,,urine,Homo sapiens,magnetic bead-based immunoassay,25818137,,,,,,,,protein,,protein,urinary bladder cancer,,Apo-AI; Apolipoprotein A-I; proapolipoprotein A-I,,,,,,,,,,,,,,,,,,,,,,,,,,,,,,,,,,,,,,,,,,,,,,,,,,,,,,,,,,,,,,,,,,,,,,,,,,,,,,,,,,,,,,,,,,,,,,,,,,,,,,,,,,,,,,,,,,,,,,,,,,,,,,,,,,,,,,,,,,,,,,,,,,,,,,,,,,,,,,,,,,,,,,,,,,,,,,,,,,,,,,,,,,,,,,,,,,,,,,,,
6793741a8b1332409e00560a,,,,,,,,,,,,,"serum, plasma, supernatants",Homo sapiens,"antibody-based protein microarrays, rolling circle amplification (RCA)",12566005,,,,,,,,Identified biomarkers refer to proteins.,,The information aligns with proteins.,,,,,,,,,,,,,,,,,,,,,,,,,,,,,,,,,,,,,,,,,,,,,,,,,,,,,,,,,,,,,,,,,,,,,,,,,,,,,,,,,,,,,,,,,,,,,,,,,,,,,,,,,,,,,,,,,,,,,,,,,,,,,,,,,,,,,,,,,,,,,,,,,,,,,,,,,,,,,,,,,,,,,,,,,,,,,,,,,,,,,,,,,,,,,,,,,,,,,,,,,,,
6793741f8b1332409e00560b,,,,,,,,,,,,,cerebrospinal fluid (CSF),Homo sapiens,"mass spectrometry (MS), data-independent acquisition (DIA)",31432406,,,,,,,,proteins,,proteins,neurological diseases,,,,,,,,,,,,,,,,,,,,,,,,,,,,,,,,,,,,,,,,,,,,,,,,,,,,,,,,,,,,,,,,,,,,,,,,,,,,,,,,,,,,,,,,,,,,,,,,,,,,,,,,,,,,,,,,,,,,,,,,,,,,,,,,,,,,,,,,,,,,,,,,,,,,,,,,,,,,,,,,,,,,,,,,,,,,,,,,,,,,,,,,,,,,,,,,,,,,,,,,,,
679374248b1332409e00560c,,,,,,,,,,,,,serum,Homo sapiens,MALDI-TOF,19244390,,,,,,,,The study focuses on protein biomarkers in serum profiles.,,The analysis is on serum protein profiles,colorectal cancer,,,,,,,,,,,,,,,,,,,,,,,,,,,,,,,,,,,,,,,,,,,,,,,,,,,,,,,,,,,,,,,,,,,,,,,,,,,,,,,,,,,,,,,,,,,,,,,,,,,,,,,,,,,,,,,,,,,,,,,,,,,,,,,,,,,,,,,,,,,,,,,,,,,,,,,,,,,,,,,,,,,,,,,,,,,,,,,,,,,,,,,,,,,,,,,,,,,,,,,,,,
679374308b1332409e00560d,Histidine-rich glycoprotein,,,,,,,,,,,,plasma,Homo sapiens,,32378634,,,,,,,,,,,sepsis,,,,,,,,,,,,,,,,,,,,,,,,,,,,,,,,,,,,,,,,,,,,,,,,,,,,,,,,,,,,,,,,,,,,,,,,,,,,,,,,,,,,,,,,,,,,,,,,,,,,,,,,,,,,,,,,,,,,,,,,,,,,,,,,,,,,,,,,,,,,,,,,,,,,,,,,,,,,,,,,,,,,,,,,,,,,,,,,,,,,,,,,,,,,,,,,,,,,,,,,,,
679374358b1332409e00560e,proteins,,,,,,,,,,,,,Homo sapiens,electrochemical methods,27428515,,,,,,,,,,,,,,,,,,,,,,,,,,,,,,,,,,,,,,,,,,,,,,,,,,,,,,,"This article discusses electrochemical methods for analyzing clinically relevant biomolecules, including proteins.",,,,,,,,,,,,,,,,,,,,,,,,,,,,,,,,,,,,,,,,,,,,,,,,,,,,,,,,,,,,,,,,,,,,,,,,,,,,,,,,,,,,,,,,,,,,,,,,,,,,,,,,,,,,,,,,,,,,,,,,,,,,,,,,,,,,,,,,,,,,,,,,,,,,,,,,,,,,,,
6793743b8b1332409e00560f,,,,,gestational diabetes mellitus,,,,,,,,,Homo sapiens,data-independent acquisition proteomics,35385222,150 kDa TGF-beta-binding protein,Activation-associated protein 14A3.4,CD109 antigen,Endosialin,Tumor endothelial marker 1,TEM1,,Both CD109 and CD248 are proteins.,,Information accurately refers to proteins.,,,,CD109,CD248,,,,,,,,,,,,,,,,P50213,Q9HC72,,,,,,,,,,,,,,,,,,,,,,,,,placental tissue,maternal plasma,,,,,,,,,,,,,,,,,,,,,,,,,,,,,,,,,,,,,,,,,,,,,,,,,,,,,,,,,,,,,,,,,,,,,,,,,,,,,,,,,,,,,,,,,,,,,,,,,,,,,,,,,,,,,,,,,,,,,,,,,,,,,,,,,,,,,,,,,,,,,,,,,,,,,,,,,,,
679374408b1332409e005610,,,,,,,,,,,,,plasma or serum,Homo sapiens,,21622272,,,,,,,,,,,,,,,,,,,,,,,,,,,,,,,,,,,,,,,,,,,,,,,,,,,,,,,,,,,,,,,,,,,,,,,,,,,,,,,,,,,,,,,,,,,,,,,,,,,,,,,,,,,,,,,,,,,,,,,,,,,,,,,,,,,,,,,,,,,,,,,,,,,,,,,,,,,,,,,,,,,,,,,,,,,,,,,,,,,,,,,,,,,,,,,,,,,,,,,,,,,,,,,,,,,,,
679374508b1332409e005611,,,,,ocular diseases,systemic diseases,eye diseases,,,,,,tears,Homo sapiens,,25488355,,,,,,,,,,true,,,,,,,,,,,,,,,,,,,,,,,,,,,,,,,,,,,,,,,,,,,,,,,,,,,Proteomics,Metabolomics,,,,,,,,,,,,,,,,,,,,,,,,,,,,,,,,,,,,,,,,,,,,,,,,,,,,,,,,,,,,protein,,,,,,,,,,,,,,,,,,,,,,,,,,,,,,,,,,,,,,,,,,,,,,,,,,,,,,,,,,,,,,,,,,,,,,,,,,,,,,,,,,,,,,,,,,,
679374568b1332409e005612,,,,,Hepatitis B-related hepatocellular carcinoma,HBV-infected HCC,hepatitis B (HBV)-related liver diseases,,,,,,serum,Homo sapiens,"Proteome microarray, ELISA",38123112,,,,,,,,"Proteins, not genes",,Proteins,,,,APEX2,RCSD1,TP53,,,,,,,,,,,,,,,,,,,,,,,,,,,,,,,,,,,,,,,,,,,,,,,,,,,,,,,,,,,,,,,,,,,,,,,,,,,,,,,,,,,,,,,,,,,,,,,,,,,,,,,,,,,,,,,,,,,,,,,,,,,,,,,,,,,,,,,,,,,,,,,,,,,,,,,,,,,,,,,,,,,,,,,,,,,,,,,,,,,,,,,,,,,,,,,,,,,,,
679374608b1332409e005613,,,,,,,,,,,,,tumor cells,Homo sapiens,Antibody array,26975971,,,,,,,,,,true,cancer,,,,,,,,,,,,,,,,,,,,,,,,,,,,,,,,,,,,,,,,,,,,,,,,,,,,,,,,,,,,,,,,,,,,,,,,,,,,,,,,,,,,,,,,,,,,,,,,,,,,,,,,,,,,,,,,,,,,,,,,,,,,,,,,,,,,,,,,,,,,,,,,,,,,,,,,,,,,,,,,,,,,,,,,,,,,,,,,,,,,,,,,,,,,,,,,,,,,,,,,,,
679374658b1332409e005614,,,,,atherosclerosis,cardiovascular diseases,,,,,,,,Homo sapiens,,18937558,CRP,,,,,,,Protein,,Protein,,,,C-reactive protein,,,,,,,,,,,,,,,,,P02741,,,,,,,,,,,,,,,,,,,,,,,,,,,,,,proteomics,quantitative proteomics,,,,,,,,,,,,,,,,,,,,,,,,,,,,,,,,,,,,,,,,,,,,,,,,,,,,,,,,,,,,,,,,,,,,,,,,,,,,,,,,,,,,,,,,,,,,,,,,,,,,,,,,,,,,,,,,,,,,,,,,,,,,,,,,,,,,,,,,,,,,,,,,,,,,,,,
679374728b1332409e005615,protein biomarkers,,,,,,,,,,,,blood,Homo sapiens,immunoassay,17892363,,,,,,,,"The article specifically mentions 'protein biomarkers', confirming these are proteins, not genes",,"The extracted information focuses on protein-based biomarkers, ensuring the categorization aligns with proteins",Neoplasms,,,,,,,,,,,,,,,,,,,,,,,,,,,,,,,,,,,,,,,,,,,,,,,,,,,,,,,,,,,,,,,,,,,,,,,,,,,,,,,,,,,,,,,,,,,,,,,,,,,,,,,,,,,,,,,,,,,,,,,,,,,,,,,,,,,,,,,,,,,,,,,,,,,,,,,,,,,,,,,,,,,,,,,,,,,,,,,,,,,,,,,,,,,,,,,,,,,,,,,,,,
679374778b1332409e005616,,,,,,,,,,,,,,Homo sapiens,"flow cytometry, mass cytometry, microfluidics and chip technologies, chemical cytometry, single-cell western blotting",29943297,,,,,,,,Confirmed: Refers to proteins.,,Confirmed: Information aligns with proteins.,Lung cancer,,,,,,,,,,,,,,,,,,,,,,,,,,,,,,,,,,,,,,,,,,,,,,,,,,,,,,,,,,,,,,,,,,,,,,,,,,,,,,,,,,,,,,,,,,,,,,,,,,,,,,,,,,,,,,,,,,,,,,,,,,,,,,,,,,,,,,,,,,,,,,,,,,,,,,,,,,,,,,,,,,,,,,,,,,,,,,,,,,,,,,,,,,,,,,,,,,,,,,,,,,
6793747c8b1332409e005617,,,,,,,,,,,,,body fluids,Homo sapiens,Proteomics,24361552,,,,,,,,,,,cancer,,,,,,,,,,,,,,,,,,,,,,,,,,,,,,,,,,,,,,,,,,,,,,,,,,,,,,,,,,,,,,,,,,,,,,,,,,,,,,,,,,,,,,,,,,,,,,,,,,,,,,,,,,,,,,,,,,,,,,,,,,,,,,,,,,,,,,,,,,,,,,,,,,,,,,,,,,,,,,,,,,,,,,,,,,,,,,,,,,,,,,,,,,,,,,false,true,,,true,,,,,,,,
679374818b1332409e005618,,,,,,,,,,,,,plasma,Homo sapiens,mass spectrometry,21062094,,,,,,,,,,,,,,,,,,,,,,,,,,,,,,,,,,,,,,,,,,,,,,,,,,,,,,,,,,,,,,,,,,,,,,,,,,,,,,,,,,,,,,,,,,,,,,,,,,,,,,,,,,,,,,,,,,,,,,,,,,,,,,,,,,,,,,,,,,,,,,,,,,,,,,,,,,,,,,,,,,,,,,,,,,,,,,,,,,,,,,,,,,,,,,,,,,,,,,,,,,,,,,,,,,,,,
679374888b1332409e005619,,,,,,,,,,,,,conditioned medium of HEK293T cells,Homo sapiens,"single-particle interferometric reflectance imaging sensor (SP-IRIS), fluorescent colocalization",35068480,Lysosomal-associated membrane protein 3,Leukocyte antigen CD9,Tspan-28,Heat shock 70 kDa protein 2,,,,The identified biomarkers are proteins,,The information aligns with proteins.,,,,CD63,CD9,CD81,HSP72,,,,,,,,,,,,,,P08962,P40235,P60033,P08107,,,,,,,,,,,,,,,,,,,,,,,,,,,,,,,,,,,,,,,,,,,,,,,,,,,,,,,,,,,,,,,,,,,,,,,,,,,,,,,,,,,,,,,,,,,,,,,,,,,,,,,,,,,,,,,,,,,,,,,,,,,,,,,,,,,,,,,,,,,,,,,,,,,,,,,,,,,,,,,,,,,,,,,,,,,,,,,,,,,
6793748e8b1332409e00561a,Tau protein,,,,,,,,,,,,central nervous system (CNS),Homo sapiens,,38696096,,,,,,,,"Yes, Tau protein is a protein",,"Yes, the biomarker information refers to proteins.",Neurodegenerative diseases,,,,,,,,,,,,,,,,,,,,,,,,,,,,,,,,,,,,,,,,,,,,,,,,,,western blotting,polymerase chain reaction (PCR),real-time PCR,Enzyme-linked immunosorbent assay (ELISA),biosensors,nanotechnology,imaging,electrochemical,optical detection,,,,,,,,,,,,,,,,,,,,,,,,,,,,,,,,,,,,,,,,,,,,,,,,,,,,,,,,,,,,,,,,,,,,,,,,,,,,,,,,,,,,,,,,,,,,,,,,,,,,,,,,,,,,,,,,,,,,,,,,,,,,,,,,,,,,,,,,,six major isoforms,,,,,,,
679374a98b1332409e00561b,,,,,,,,,,,,,body fluids and tissues,Homo sapiens,2D capillary liquid chromatography (LC) and tandem mass spectrometry (MS/MS),16445351,,,,,,,,Proteins are mentioned as biomarkers.,,Proteins are mentioned,human disease,,,,,,,,,,,,,,,,,,,,,,,,,,,,,,,,,,,,,,,,,,,,,,,,,,,,,,,,,,,,,,,,,,,,,,,,,,,,,,,,,,,,,,,,,,,,,,,,,,,,,,,,,,,,,,,,,,,,,,,,,,,,,,,,,,,,,,,,,,,,,,,,,,,,,,,,,,,,,,,,,,,,,,,,,,,,,,,,,,,,,,,,,,,,,,,,,,,,,,,,,,
679374ae8b1332409e00561c,,,,,,,,,,,,,saliva,Homo sapiens,"liquid chromatography, two-dimensional gel electrophoresis",36378438,,,,,,,,,,,,,,,,,,,,,,,,,,,,,,,,,,,,,,,,,,,,,,,,,,,,,,,,,,,,,,,,,,,,,,,,,,,,,,,,,,,,,,,,,,,,,,,,,,,,,,,,,,,,,,,,,,,,,,,,,,,,,,,,,,,,,,,,,,,,,,,,,,,,,,,,,,,,,,,,,,,,,,,,,,,,,,,,,,,,,,,,,,,,,,,,,,,,,,,,,,,,,,,,,,,,,
679374b68b1332409e00561d,Galectin-3,P17931,,,sleep disorders,insomnia,insufficient sleep time,obstructive sleep apnea,cardiovascular disease,,,,bloodstream,Homo sapiens,,39288581,Gal-3,Mac-2,Lgals3,,,,,Protein,,Protein,,,,,,,,,,,,,,,,,,,,,,,,,,,,,,,,,,,,,,,,,,,,,,,,,,,,,,,,,,,,,,,,,,,,,,,,,,,,,,,,,,,,,,,,,,,,,,,,,,,,,,,,,,,,,,,,,,,,,,,,,,,,,,,,,,,,,,,,,,,,,,,,,,,,,,,,,,,,,,,,,,,,,,,,,,,,,,,,,,,,,,,,,,,,,,,,,,,,,,,,,,,
679374bd8b1332409e00561e,,,,,,,,,,,,,Longissimus thoracis muscle,Homo sapiens,,26160326,,,,,,,,Proteins,,Proteins,,,,Prdx6,Hsp70-1A/B,μ-calpain,MDH1,ENO3,LDH-B,,,,,,,,,,,,,,,,,,,,,,,,,,,,,,,,,,,,,,,,,,,,,,,,,,,,,,,,,,,,,,,,,,,,,,,,,,,,,,,,,,,,,,,,,,,,,,,,,,,,,,,,,,,,,,,,,,,,,,,,,,,,,,,,,,,,,,,,,,,,,,,,,,,,,,,,,,,,,,,,,,,,,,,,,,,,,,,,,,,,,,,,,,,,,,,,,,
679374c38b1332409e00561f,,,,,acute kidney injury,chronic kidney disease,,,,,,,,Homo sapiens,,18277143,LCN2,CST3,IL18,HAVCR1,FABP1,,,The identified biomarkers refer to proteins,null,The information aligns with proteins,,,,Neutrophil gelatinase-associated lipocalin,Cystatin C,Interleukin-18,Kidney injury molecule-1,Liver-type fatty acid-binding protein,,,,,,,,,,,,,P80188,P01034,P14780,Q9H6N3,P07148,,,,,,,,,,,,,,,,,,,,,,plasma,urine,,,,,,,,,,,,,,,,,,,,,,,,,,,,,,,,,,,,,,,,,,,,,,,,,,,,,,,,,,,,,,,,,,,,,,,,,,,,,,,,,,,,,,,,,,,,,,,,,,,,,,,,,,,,,,,,,,,,,,,,,,,,,,,,,,,,,,,,,,,,,,,,,,,,,,,,,,,
679374d68b1332409e005620,,,,,,,,,,,,,,Homo sapiens,,22213582,,,,,,,,,,,,,,,,,,,,,,,,,,,,,,,,,,,,,,,,,,,,,,,,,,,,,,,,,,,,,,,,,,,,,,,,,,,,,,,,,,,,,,,,,,,,,,,,,,,,,,,,,,,,,,,,,,,,,,,,,,,,,,,,,,,,,,,,,,,,,,,,,,,,,,,,,,,,,,,,,,,,,,,,,,,,,,,,,,,,,,,,,,,,,,,,,,,,,,,,,,,,,,,,,,,,,
679374db8b1332409e005621,,,,,,,,,,,,,,Homo sapiens,,18676364,,,,,,,,,,Verified as protein biomarkers.,disease-associated,,,,,,,,,,,,,,,,,,,,,,,,,,,,,,,,,,,,,,,,,,,,,,serum,plasma,blood,,,,,,,,,,,,,,,,,,,,,,,,,,,,,,,,,,,,,,,,,,,,,,,,,,,,,,,,,,,,,,,,,,,,,,,,,,,,,,,,,,,,,,,,,,,,,,,,,,,,,,,,,,,,,,,,,,,,,,,,,,,,,,,,,,,,,,,,,,,,,,,,,,,,,,,,,,
679374e98b1332409e005622,,,,,Heart failure,,,,,,,,,Homo sapiens,"Not explicitly specified, likely ELISA, Immunoassay based on the context of 'high-sensitivity'",33595788,NT-proBNP,cTnT,GAL3,CRP,,,,Verified: The identified biomarkers refer to proteins.,,Confirmed: All information is categorized to proteins,,,,N-terminal pro-brain type natriuretic peptide,high-sensitivity troponin T,galectin-3,high-sensitivity C-reactive protein,,,,,,,,,,,,,,P16860,P06736,P17931,P02741,,,,Full sequence data is not provided in the article. The sequence will need to be fetched using the UniProt IDs.,Full sequence data is not provided in the article. The sequence will need to be fetched using the UniProt IDs.,Full sequence data is not provided in the article. The sequence will need to be fetched using the UniProt IDs.,Full sequence data is not provided in the article. The sequence will need to be fetched using the UniProt IDs.,,,,,,,,,,,,,,,,"Not explicitly specified in the article, but commonly found in blood (serum/plasma).",,,,,,,,,,,,,,,,,,,,,,,,,,,,,,,,,,,,,,,,,,,,,,,,,,,,,,,,,,,,,,,,,,,,,,,,,,,,,,,,,,,,,,,,,,,,,,,,,,,,,,,,,,,,,,,,,,,,,,,,,,,,,,,,,,,,,,,,,,,,,,,,,,,,,,,,,,,,
679374ed8b1332409e005623,,,,,,,,,,,,,,,,,,,,,,,,,,,,,,,,,,,,,,,,,,,,,,,,,,,,,,,,,,,,,,,,,cardiovascular disease,blood,Homo sapiens,proteomic analysis,18667414,,,,,,,,,,,,,,,,,,,,,,,,,,,,,,,,,,,,,,,,,,,,,,,,,,,,,,,,,,,,,,,,,,,,,,,,,,,,,,,,,,,,,,,,,,,,,,,,,,,,,,,,,,,,,,,,,,,,,,,,,,,,,,,,,,,,,,,,,,,,,,,,,,,,,,,,,,,,,,,,
679374f38b1332409e005624,Protein S,P07225,,,,,,,,,,,serum,Homo sapiens,,21067626,PROS,PROS1,PS,THPH2,,,,"The identified biomarker refers to protein S, a protein.",,"The information correctly aligns with protein S, and not any other biological molecule",systemic lupus erythematosus,,,,,,,,,,,,,,,,,,,,,,,,,,,,,,,,,,,,,,,,,,,,,,,,,,,,,,,,,,,,,,,,,,,,,,,,,,,,,,,,,,,,,,,,,,,,,,,,,,,,,,,,,,,,,,,,,,,,,,,,,,,,,,,,,,,,,,,,,,,,,,,,,,,,,,,,,,,,,,,,,,,,,,,,,,,,,,,,,,,,,,,,,,,,,,,,,,,,,,,,,,
679374f88b1332409e005625,,,,,,,,,,,,,tissue,Homo sapiens,Immunohistochemistry,24525140,,,,,,,,"Biomarkers mentioned are validated using antibodies, implying that they are proteins",,The paper focuses on the validation of antibodies used to detect protein biomarkers,Neoplasms,,,,,,,,,,,,,,,,,,,,,,,,,,,,,,,,,,,,,,,,,,,,,,,,,,,,,,,,,,,,,,,,,,,,,,,,,,,,,,,,,,,,,,,,,,,,,,,,,,,,,,,,,,,,,,,,,,,,,,,,,,,,,,,,,,,,,,,,,,,,,,,,,,,,,,,,,,,,,,,,,,,,,,,,,,,,,,,,,,,,,,,,,,,,,,,,,,,,,,,,,,
679374fd8b1332409e005626,,,,,,,,,,,,,,Homo sapiens,ligand binding assays (LBA) and hyphenated mass spectrometric methods,19038585,,,,,,,,,,true,,,,,,,,,,,,,,,,,,,,,,,,,,,,,,,,,,,,,,,,,,,,,true,,,,,,,,,,,,,,,,,,,,,,,,,,,,,,,,,,,,,,,,,,,,,,,,,,,,,,,,,,,,,,,,,,,,,,,,,,,,,,,,,,,,,,,,,,,,,,,,,,,,,,,,,,,,,,,,,,,,,,,,,,,,,,,,,,,,,,,,,,,,,,,,,,,,,,,,,,,,,,
67937a9ef641dcf148b72027,Multiple biomarkers (34 mentioned in total),,,,,,,,,,,,maternal serum,Homo sapiens,,39004916,,,,,,,,"Yes, the identified biomarkers are stated as protein biomarkers in the text.",,Confirmed. Biomarkers are identified as blood proteins,Placenta accreta spectrum (PAS),,,,,,,,,,,,,,,,,,,,,,,,,,,,,,,,,,,,,,,,,,,,,,,,,,,,,,,,,,,,,,,,,,,,,,,,,,,,,,,,,,,,,,,,,,,,,,,,,,,,,,,,,,,,,,,,,,,,,,,,,,,,,,,,,,,,,,,,,,,,,,,,,,,,,,,,,,,,,,,,,,,,,,,,,,,,,,,,,,,,,,,,,,,,,,,,,,,,,,,,,,
67937aa3f641dcf148b72028,,,,,,,,,,,,,whole blood serum,Homo sapiens,Surface-enhanced laser desorption ionization time of flight mass spectrometry (SELDI-TOF-MS),20662595,,,,,,,,,,proteins,,,,,,,,,,,,,,,,,,,,,,,,,,,,,,,,,,,,,,,,,,,,,,,,,,,,,,,,,,,,,,,,,,,,,,,,,,,,,,,,,,,,,,,,,,,,,,,,,,,,,,,,,,,,,,,,,,,,,,,,,,,,,,,,,,,,,,,,,,,,,,,,,,,,,,,,,,,,,,,,,,,,,,,,,,,,,,,,,,,,,,,,,,,,,,,,,,,,,,,,,,,
67937aa8f641dcf148b72029,,,,,,,,,,,,,,Homo sapiens,Mass Spectrometry,22194635,,,,,,,,,,,,,,,,,,,,,,,,,,,,,,,,,,,,,,,,,,,,,,,,,,,,,,,,,,,,,,,,,,,,,,,,,,,,,,,,,,,,,,,,,,,,,,,,,,,,,,,,,,,,,,,,,,,,,,,,,,,,,,,,,,,,,,,,,,,,,,,,,,,,,,,,,,,,,,,,,,,,,,,,,,,,,,,,,,,,,,,,,,,,,,,,,,,,,,,,,,,,,,,,,,,,,
67937ab6f641dcf148b7202a,,,,,systemic lupus erythematosus,rheumatoid arthritis,,,,,,,peripheral blood mononuclear cells (PBMC),Homo sapiens,"iTRAQ quantitative proteomics, tandem mass spectrometry",21120503,,,,,,,,,,"Confirmed: All data aligns with the required context of proteins and related molecular level, no non protein related content is included in extraction.",,,,,,,,,,,,,,,,,,,,,,,,,,,,,,,,,,,,,,,,,,,,,"Confirmed: This study identifies differentially expressed proteins, therefore, it does not contain information on gene expression, ensuring focus on the task.",,,,,,,,,,,,,,,,,,,,,,,,,,,,,,,,,,,,,,,,,,,,,,,,,,,,,,,,,,,,,,,,,,,,,,,,,,,,,,,,,,,,,,,,,,,,,,,,,,,,,,,,,,,,,,,,,,,,,,,,,,,,,,,,,,,,,,,,,,,,,,,,,,,,,,,,,,,,,,
67937abdf641dcf148b7202b,,,,,,,,,,,,,,,,,,,,,,,,,,,,,,,,,,,,,,,,,,,,,,,,,,,,,,,,,,,,,human epidermal growth factor receptor 2,,,,breast cancer,,Homo sapiens,electrochemical,28922492,,,,,,,,,,,,,,,,,,,,,,,,,,,,,,,,,,,,,,,,,,,,,,,,,,,,,,,,,,,,,,,,,,,,,,,,,,,,,,,,,,,,,,,,,,,,,,,,,,,,,,,,,,,,,,,,,,,,,,,,,,,,,,,,,,,,,,,,,,,,,,,,,,,,,,,,,,,,,,,,
67937ac3f641dcf148b7202c,,,,,,,,,,,,,,Homo sapiens,mass spectrometry,24720436,,,,,,,,,,true,multiple diseases,,,,,,,,,,,,,,,,,,,,,,,,,,,,,,,,,,,,,,,,,,,,,,,,,,,,,,,,,,,,,,,,,,,,,,,,,,,,,,,,,,,,,,,,,,,,,,,,,,,,,,,,,,,,,,,,,,,,,,,,,,,,,,,,,,,,,,,,,,,,,,,,,,,,,,,,,,,,,,,,,,,,,,,,,,,,,,,,,,,,,,,,,,,,,,,,,,,,,true,,,,,
67937ac8f641dcf148b7202d,,,,,,,,,,,,,serum,Homo sapiens,"two step procedure to remove albumin and immunoglobulins, enriched for glycoproteins, gel electrophoresis",17669345,Serum albumin,Varies per immunoglobulin,,,,,,Confirmed as proteins,,Correctly identified as proteins,,,,Albumin,Immunoglobulins,Glycoproteins,,,,,,,,,,,,,,,P02768,Varies per immunoglobulin,,,,,,Full protein sequence from UniProt for Albumin.,Varies per immunoglobulin,,,,,,,,,,,,,,,,,,,,,,,,,,,,,,,,,,,,,,,,,,,,,,,,,,,,,,,,,,,,,,,,,,,,,,,,,,,,,,,,,,,,,,,,,,,,,,,,,,,,,,,,,,,,,,,,,,,,,,,,,,,,,,,,,,,,,,,,,,,,,,,,,,,,,,,,,,,,,,,,,,,,,,,,,,,,,,
67937acff641dcf148b7202e,tau protein,,,,Corticobasal syndrome (CBS),Corticobasal degeneration (CBD),tauopathies,,,,,,cerebrospinal fluid (CSF),Homo sapiens,,24291870,,,,,,,,,,,,,,,,,,,,,,,,,,,,,,,,,,,,,,,,,,,,,,,,,,,,,,,,,,,,,,,,,,,,,,,,,,,,,,,,,,,,,,,,,,,,,,,,,,,,,,,,,,,,,,,,,,,,,,,,,,,,,,,,,,,,,,,,,,,,,,,,,,,,,,,,,,,Disease-specific truncation and/or phosphorylation of tau protein fragments,,,,,,,,,,,,,,,,,,,,,,,,,,,,,,,,,,,,,,,,,,,,,,,,,,,,,,,,,,
67937ad5f641dcf148b7202f,,,,,Pneumonia,,,,,,,,,Homo sapiens,,,,,,,,,,"Confirmed, proteins",null,Confirmed,,26772604,,Procalcitonin,C-reactive protein,,,,,,,,,,,,,,,,P01258,P02741,,,,,,null,null,,,,,,,,,,,,,,,,,,serum,,,,Not specified,,,,,,,,,PCT,CALCA,PD2,Catacalcin,,CRP,,,,,,,,,,,,,,,,,,,,,,,,,,,,,,,,,,,,,,,,,,,,,,,,,,,,,,,,,,,,,,,,,,,,,,,,,,,,,,,,,,,,,,,,,,,,,,,,,,,,,,,,,,,,,,,,,,,,,,,,,,,,,,,,,,,,,,,,,,
67937adaf641dcf148b72030,Numerous established and potential biomarkers,,,,,,,,,,,,gill,Danio rerio,two-dimensional liquid chromatography-electrospray ionization tandem mass spectrometry,19715488,,,,,,,,,,,"stress, disease, and environmental contamination",,,,,,,,,,,,,,,,,,,,,,,,,,,,,,,,,,,,,,,,,,,,Confirmed as proteins,,,,,,,,,,,,,,,,,,,,,,,,,,,,,,,,,,,,,,,,,,,,,,,,,,,,,,,,,,,,,,,,,,,,,,,,,,,,,,,,,,,,,,,,,,,,,,,,,,,,,,,,,,,,,,,,,,,,,,,,,,,,,,,,,,,,,,,,,,,,,,,,,,,,,,,,,,,,,,
67937adff641dcf148b72031,,,,,,,,,,,,,,Homo sapiens,mass spectrometry,24812416,,,,,,,,,,,,,,,,,,,,,,,,,,,,,,,,,,,,,,,,,,,,,,,,,,,,,,,,,,,,,,,,,,,,,,,,,,,,,,,,,,,,,,,,,,,,,,,,,,,,,,,,,,,,,,,,,,,,,,,,,,,,,,,,,,,,,,,,,,,,,,,,,,,,,,,,,,,,,,,,,,,,,,,,,,,,,,,,,,,,,,,,,,,,,,,,,,,,,,,,,,,,,,,,,,,,,
67937ae5f641dcf148b72032,,,,,Aging,age-related diseases,,,,,,,,Homo sapiens,,37707684,,,,,,,,"These are proteins, not genes",,Information extracted aligns with proteins.,,,,MBL2,HP,SFTPC,PRL,POMC,GCG,CUZD1,CPA2,MYBPC1,PTH,LPO,AMY1A,INSL3,KLK3,KLK4,MPO,ACP5,,,,,,,,,,,,,,,,,,,,,,,,,,,plasma,serum,,,proteomics,data mining,,,,,,,,,,,,,,,,,,,,,,,,,,,,,,,,,,,,,,,,,,,,,,,,,,,,,,,,,,,,,,,,,,,,,,,,,,,,,,,,,,,,,,,,,,,,,,,,,,,,,,,,,,,,,,,,,,,,,,,,,,,,,,,,,,,,,,,,,,,,,,,,,,,,,,,
67937aeaf641dcf148b72033,,,,,,,,,,,,,,Homo sapiens,,26868616,,,,,,,,The identified biomarkers refer to proteins.,,Information aligns with proteins,various diseases,,,,,,,,,,,,,,,,,,,,,,,,,,,,,,,,,,,,,,,,,,,,,,blood plasma,serum,urine,,immunoaffinity chromatography,MS-based proteomics,,,,,,,,,,,,,,,,,,,,,,,,,,,,,,,,,,,,,,,,,,,,,,,,,,,,,,,,,,,,,,,,,,,,,,,,,,,,,,,,,,,,,,,,,,,,,,,,,,,,,,,,,,,,,,,,,,,,,,,,,,,,,,,,,,,,,,,,,,,,,,,,,,,,,,,
67937af0f641dcf148b72034,,,,,,,,,,,,,,,,,,,,,,,,,,,,,,,,,,,,,,,,,,,,,,,,,,,,,,,,,,,,,,,,,,,Homo sapiens,,,,yes,null,,,,,,,,,,,,,,,,,,,,,,,,,,,,,,,,,,,,,,IL-1α,IL-6,IL-8,INF-γ,TNF-α,IL-1RA,P01583,P05231,P10145,P01579,P01375,P01582,null,null,null,null,null,null,,,,,Interleukin-1 alpha,Interleukin-6,Interleukin-8,Interferon gamma,Tumor necrosis factor alpha,Interleukin-1 receptor antagonist protein,,,,,,,,,,,,,,,,,,,,,,,,,,,,,,,,,,,,,,,,,,,,,,,,,,,,,,,,,,,,,,,,,,,,,,,,,,,,,,,,,,yes,36572004,,,,,acne,atopic dermatitis,pressure ulcers,sebum,immunoassay kits
67937af5f641dcf148b72035,Neutrophil gelatinase-associated lipocalin,P80188,,,,,,,,,,,,Homo sapiens,,21310736,Lipocalin-2,LCN2,24p3,,,,,,,Protein,Acute kidney injury,,,,,,,,,,,,,,,,,,,,,,,,,,,,,,,,,,,,,,,,,,,,Protein,,,,,,,,,,,,,,,,,,,,,,,,,,,,,,,,,,,,,,,,,,,,,,,,,,,,,,,,,,,,,,,,,,,,,,,,,,,,,,,,,,,,,,,,,,,,,,,,,,,,,,,,,,,,,,,,,,,,,,,,,,,,,,,,,,,,,,,,,,,,,,,,,,,,,,,,,,,,,,
67937afaf641dcf148b72036,Fibrinopeptide A,P02671,ADSGEGDFLAEGGGVRGPRVVERHQSACKDSDWPFCSDEDWNYKCPEGCR,,,,,,,,,,serum,Homo sapiens,MALDI-TOF/TOF-MS,24254984,Fibrinogen alpha chain,FGA,,,,,,Confirmed that it is protein.,,Confirmed that information refers to protein not other molecules.,schizophrenia,,,,,,,,,,,,,,,,,,,,,,,,,,,,,,,,,,,,,,,,,,,,,,,,,,,,,,,,,,,,,,,,,,,,,,,,,,,,,,,,,,,,,,,,,,,,,,,,,,,,,,,,,,,,,,,,,,,,,,,,,,,,,,,,,,,,,,,,,,,,,,,,,,,,,,,,,,,,,,,,,,,,,,,,,,,,,,,,,,,,,,,,,,,,,,,,,,,,,,,,,,
67937b00f641dcf148b72037,liver-type fatty acid binding protein,P07148,,,,,,,,,,,urine,Homo sapiens,ELISA,16532260,,,,,,,,protein,,protein,chronic kidney disease,,Fatty acid-binding protein 1; FABP-1; L-FABP; Liver FABP; FABPL,,,,,,,,,,,,,,,,,,,,,,,,,,,,,,,,,,,,,,,,,,,,,,,,,,,,,,,,,,,,,,,,,,,,,,,,,,,,,,,,,,,,,,,,,,,,,,,,,,,,,,,,,,,,,,,,,,,,,,,,,,,,,,,,,,,,,,,,,,,,,,,,,,,,,,,,,,,,,,,,,,,,,,,,,,,,,,,,,,,,,,,,,,,,,,,,,,,,,,,,
67937b0cf641dcf148b72038,Protein S,P07225,,,,,,,,,,,human plasma,Homo sapiens,,19492164,,,,,,,,true,,true,,,PROS; PROS1; PS,,,,,,,,,,,,,,,,,,,,,,,,,,,,,,,,,,,,,,,,,,,,,,,,,,,,,,,,,,,,,,,,,,,,,,,,,,,,,,,,,,,,,,,,,,,,,,,,,,,,,,,,,,,,,,,,,,,,,,,,,,,,,,,,,,,,,,,,,,,,,,,,,,,,,,,,,,,,,,,,,,,,,,,,,,,,,,,,,,,,,,,,,,,,,,,,,,,,,,,,
